part,oil,sensitive,pigmentation,wrinkle,hydration,file_name
1,3,1,-2,0,-2,00000NBC.jpg
1,3,1,-2,0,-2,00001NBC.jpg
0,4,1,1,-2,-2,00002NBC.jpg
0,4,1,1,-2,-2,00003NBC.jpg
3,-2,0,-2,1,2,00004NBC.jpg
3,-2,1,-2,1,1,00005NBC.jpg
2,4,0,1,1,-2,00006NBC.jpg
2,3,0,1,1,-2,00007NBC.jpg
0,4,1,0,-2,-2,00008NBC.jpg
0,3,0,0,-2,-2,00009NBC.jpg
1,3,1,-2,0,-2,00010NBC.jpg
1,3,1,-2,0,-2,00011NBC.jpg
0,4,1,1,-2,-2,00012NBC.jpg
0,4,1,1,-2,-2,00013NBC.jpg
3,-2,0,-2,1,2,00014NBC.jpg
3,-2,1,-2,1,1,00015NBC.jpg
2,4,0,1,1,-2,00016NBC.jpg
2,3,0,1,1,-2,00017NBC.jpg
0,4,1,0,-2,-2,00018NBC.jpg
0,3,0,0,-2,-2,00019NBC.jpg
1,2,1,-2,0,-2,00020NBC.jpg
1,1,1,-2,0,-2,00021NBC.jpg
0,2,1,1,-2,-2,00022NBC.jpg
0,1,0,1,-2,-2,00023NBC.jpg
3,-2,1,-2,1,2,00024NBC.jpg
3,-2,1,-2,1,2,00025NBC.jpg
2,1,0,1,1,-2,00026NBC.jpg
2,1,0,1,1,-2,00027NBC.jpg
0,2,1,1,-2,-2,00028NBC.jpg
0,0,0,1,-2,-2,00029NBC.jpg
1,2,1,-2,0,-2,00030NBC.jpg
1,1,1,-2,0,-2,00031NBC.jpg
0,2,1,1,-2,-2,00032NBC.jpg
0,0,0,1,-2,-2,00033NBC.jpg
3,-2,1,-2,1,2,00034NBC.jpg
3,-2,1,-2,1,2,00035NBC.jpg
2,1,0,1,1,-2,00036NBC.jpg
2,1,0,1,1,-2,00037NBC.jpg
0,2,1,1,-2,-2,00038NBC.jpg
0,1,0,1,-2,-2,00039NBC.jpg
1,2,1,-2,4,-2,00040NBC.jpg
1,2,0,-2,4,-2,00041NBC.jpg
0,1,1,1,-2,-2,00042NBC.jpg
0,1,1,1,-2,-2,00043NBC.jpg
3,-2,1,-2,2,2,00044NBC.jpg
3,-2,1,-2,3,1,00045NBC.jpg
2,2,1,1,3,-2,00046NBC.jpg
2,1,1,1,3,-2,00047NBC.jpg
0,2,1,1,-2,-2,00048NBC.jpg
0,1,1,1,-2,-2,00049NBC.jpg
1,2,1,-2,4,-2,00050NBC.jpg
1,1,0,-2,4,-2,00051NBC.jpg
0,1,1,1,-2,-2,00052NBC.jpg
0,1,1,1,-2,-2,00053NBC.jpg
3,-2,1,-2,2,2,00054NBC.jpg
3,-2,1,-2,2,1,00055NBC.jpg
2,2,1,1,3,-2,00056NBC.jpg
2,1,1,1,3,-2,00057NBC.jpg
0,2,1,1,-2,-2,00058NBC.jpg
0,1,1,1,-2,-2,00059NBC.jpg
1,1,1,-2,0,-2,00060NBC.jpg
1,1,1,-2,0,-2,00061NBC.jpg
0,0,0,0,-2,-2,00062NBC.jpg
0,1,1,0,-2,-2,00063NBC.jpg
3,-2,0,-2,0,2,00064NBC.jpg
3,-2,0,-2,0,3,00065NBC.jpg
2,1,1,0,0,-2,00066NBC.jpg
2,1,1,0,1,-2,00067NBC.jpg
0,1,1,1,-2,-2,00068NBC.jpg
0,1,1,1,-2,-2,00069NBC.jpg
1,1,1,-2,0,-2,00070NBC.jpg
1,1,1,-2,0,-2,00071NBC.jpg
0,0,0,0,-2,-2,00072NBC.jpg
0,1,1,0,-2,-2,00073NBC.jpg
3,-2,0,-2,0,2,00074NBC.jpg
3,-2,0,-2,0,3,00075NBC.jpg
2,1,1,0,0,-2,00076NBC.jpg
2,1,1,0,1,-2,00077NBC.jpg
0,1,1,1,-2,-2,00078NBC.jpg
0,1,1,1,-2,-2,00079NBC.jpg
1,1,0,-2,2,-2,00080NBC.jpg
1,2,1,-2,2,-2,00081NBC.jpg
0,1,1,2,-2,-2,00082NBC.jpg
0,1,1,2,-2,-2,00083NBC.jpg
3,-2,1,-2,1,1,00084NBC.jpg
3,-2,1,-2,1,1,00085NBC.jpg
2,1,1,1,1,-2,00086NBC.jpg
2,1,1,1,1,-2,00087NBC.jpg
0,1,1,1,-2,-2,00088NBC.jpg
0,1,1,1,-2,-2,00089NBC.jpg
1,1,0,-2,2,-2,00090NBC.jpg
1,2,1,-2,2,-2,00091NBC.jpg
0,1,1,2,-2,-2,00092NBC.jpg
0,1,1,2,-2,-2,00093NBC.jpg
3,-2,1,-2,1,1,00094NBC.jpg
3,-2,1,-2,1,1,00095NBC.jpg
2,1,1,1,1,-2,00096NBC.jpg
2,1,1,1,1,-2,00097NBC.jpg
0,1,1,1,-2,-2,00098NBC.jpg
0,1,1,1,-2,-2,00099NBC.jpg
1,3,2,-2,0,-2,00100NBC.jpg
1,3,3,-2,0,-2,00101NBC.jpg
0,1,2,1,-2,-2,00102NBC.jpg
0,1,2,1,-2,-2,00103NBC.jpg
3,-2,1,-2,0,1,00104NBC.jpg
3,-2,1,-2,0,1,00105NBC.jpg
2,1,2,1,1,-2,00106NBC.jpg
2,2,2,1,1,-2,00107NBC.jpg
0,1,2,1,-2,-2,00108NBC.jpg
0,1,2,1,-2,-2,00109NBC.jpg
1,3,2,-2,0,-2,00110NBC.jpg
1,3,3,-2,0,-2,00111NBC.jpg
0,1,1,1,-2,-2,00112NBC.jpg
0,1,1,1,-2,-2,00113NBC.jpg
3,-2,1,-2,0,1,00114NBC.jpg
3,-2,1,-2,0,1,00115NBC.jpg
2,1,1,1,1,-2,00116NBC.jpg
2,2,1,1,1,-2,00117NBC.jpg
0,1,1,1,-2,-2,00118NBC.jpg
0,1,1,1,-2,-2,00119NBC.jpg
1,2,0,-2,2,-2,00120NBC.jpg
1,1,0,-2,1,-2,00121NBC.jpg
0,1,0,2,-2,-2,00122NBC.jpg
0,1,0,2,-2,-2,00123NBC.jpg
3,-2,0,-2,2,2,00124NBC.jpg
3,-2,0,-2,2,2,00125NBC.jpg
2,1,1,1,2,-2,00126NBC.jpg
2,1,0,1,2,-2,00127NBC.jpg
0,1,1,1,-2,-2,00128NBC.jpg
0,0,1,1,-2,-2,00129NBC.jpg
1,2,0,-2,1,-2,00130NBC.jpg
1,1,0,-2,0,-2,00131NBC.jpg
0,1,1,0,-2,-2,00132NBC.jpg
0,0,1,0,-2,-2,00133NBC.jpg
3,-2,0,-2,2,2,00134NBC.jpg
3,-2,0,-2,2,2,00135NBC.jpg
2,1,1,1,2,-2,00136NBC.jpg
2,1,0,1,1,-2,00137NBC.jpg
0,1,0,1,-2,-2,00138NBC.jpg
0,0,0,1,-2,-2,00139NBC.jpg
1,2,3,-2,1,-2,00140NBC.jpg
1,1,1,-2,1,-2,00141NBC.jpg
0,3,2,1,-2,-2,00142NBC.jpg
0,2,1,1,-2,-2,00143NBC.jpg
3,-2,1,-2,0,1,00144NBC.jpg
3,-2,0,-2,0,2,00145NBC.jpg
2,2,1,2,1,-2,00146NBC.jpg
2,1,1,2,1,-2,00147NBC.jpg
0,3,1,1,-2,-2,00148NBC.jpg
0,2,1,1,-2,-2,00149NBC.jpg
1,2,3,-2,1,-2,00150NBC.jpg
1,1,1,-2,1,-2,00151NBC.jpg
0,3,2,1,-2,-2,00152NBC.jpg
0,2,1,1,-2,-2,00153NBC.jpg
3,-2,1,-2,0,1,00154NBC.jpg
3,-2,0,-2,0,2,00155NBC.jpg
2,2,1,2,1,-2,00156NBC.jpg
2,1,1,2,1,-2,00157NBC.jpg
0,3,1,1,-2,-2,00158NBC.jpg
0,2,1,1,-2,-2,00159NBC.jpg
1,4,0,-2,0,-2,00160NBC.jpg
1,2,1,-2,0,-2,00161NBC.jpg
0,2,1,1,-2,-2,00162NBC.jpg
0,2,1,1,-2,-2,00163NBC.jpg
3,-2,1,-2,2,4,00164NBC.jpg
3,-2,1,-2,2,2,00165NBC.jpg
2,3,1,1,2,-2,00166NBC.jpg
2,2,1,1,2,-2,00167NBC.jpg
0,2,1,0,-2,-2,00168NBC.jpg
0,2,1,1,-2,-2,00169NBC.jpg
1,3,0,-2,0,-2,00170NBC.jpg
1,2,0,-2,0,-2,00171NBC.jpg
0,2,1,0,-2,-2,00172NBC.jpg
0,2,1,1,-2,-2,00173NBC.jpg
3,-2,0,-2,2,4,00174NBC.jpg
3,-2,0,-2,2,2,00175NBC.jpg
2,2,1,1,2,-2,00176NBC.jpg
2,2,0,1,2,-2,00177NBC.jpg
0,1,1,1,-2,-2,00178NBC.jpg
0,2,1,1,-2,-2,00179NBC.jpg
1,-1,-1,-2,-1,-2,00180NBC.jpg
1,-1,-1,-2,-1,-2,00181NBC.jpg
0,2,2,1,-2,-2,00182NBC.jpg
0,2,2,1,-2,-2,00183NBC.jpg
3,-2,1,-2,0,3,00184NBC.jpg
3,-2,1,-2,0,3,00185NBC.jpg
2,2,1,1,1,-2,00186NBC.jpg
2,3,1,1,1,-2,00187NBC.jpg
0,2,1,1,-2,-2,00188NBC.jpg
0,2,1,1,-2,-2,00189NBC.jpg
1,-1,-1,-2,-1,-2,00190NBC.jpg
1,-1,-1,-2,-1,-2,00191NBC.jpg
0,2,0,0,-2,-2,00192NBC.jpg
0,2,1,0,-2,-2,00193NBC.jpg
3,-2,1,-2,0,3,00194NBC.jpg
3,-2,1,-2,0,3,00195NBC.jpg
2,2,1,0,1,-2,00196NBC.jpg
2,3,1,1,0,-2,00197NBC.jpg
0,2,2,1,-2,-2,00198NBC.jpg
0,2,2,0,-2,-2,00199NBC.jpg
1,2,0,-2,2,-2,00200NBC.jpg
1,2,0,-2,2,-2,00201NBC.jpg
0,1,1,2,-2,-2,00202NBC.jpg
0,2,1,2,-2,-2,00203NBC.jpg
3,-2,0,-2,1,3,00204NBC.jpg
3,-2,0,-2,0,2,00205NBC.jpg
2,1,1,1,1,-2,00206NBC.jpg
2,1,1,1,2,-2,00207NBC.jpg
0,1,1,1,-2,-2,00208NBC.jpg
0,2,1,1,-2,-2,00209NBC.jpg
1,3,0,-2,1,-2,00210NBC.jpg
1,2,0,-2,2,-2,00211NBC.jpg
0,1,1,2,-2,-2,00212NBC.jpg
0,2,1,2,-2,-2,00213NBC.jpg
3,-2,0,-2,0,4,00214NBC.jpg
3,-2,0,-2,0,3,00215NBC.jpg
2,1,1,1,1,-2,00216NBC.jpg
2,1,1,1,2,-2,00217NBC.jpg
0,1,1,1,-2,-2,00218NBC.jpg
0,1,1,1,-2,-2,00219NBC.jpg
1,1,1,-2,1,-2,00220NBC.jpg
1,2,1,-2,1,-2,00221NBC.jpg
0,2,0,0,-2,-2,00222NBC.jpg
0,1,1,1,-2,-2,00223NBC.jpg
3,-2,0,-2,0,3,00224NBC.jpg
3,-2,1,-2,0,1,00225NBC.jpg
2,2,1,0,2,-2,00226NBC.jpg
2,2,0,0,2,-2,00227NBC.jpg
0,1,1,1,-2,-2,00228NBC.jpg
0,2,2,1,-2,-2,00229NBC.jpg
1,1,1,-2,1,-2,00230NBC.jpg
1,2,1,-2,1,-2,00231NBC.jpg
0,1,0,2,-2,-2,00232NBC.jpg
0,2,1,1,-2,-2,00233NBC.jpg
3,-2,0,-2,0,3,00234NBC.jpg
3,-2,1,-2,0,2,00235NBC.jpg
2,2,1,0,2,-2,00236NBC.jpg
2,3,0,0,2,-2,00237NBC.jpg
0,1,0,0,-2,-2,00238NBC.jpg
0,2,0,1,-2,-2,00239NBC.jpg
1,2,0,-2,0,-2,00240NBC.jpg
1,2,0,-2,0,-2,00241NBC.jpg
0,1,0,2,-2,-2,00242NBC.jpg
0,1,0,2,-2,-2,00243NBC.jpg
3,-2,1,-2,1,2,00244NBC.jpg
3,-2,2,-2,1,3,00245NBC.jpg
2,2,0,3,1,-2,00246NBC.jpg
2,2,1,3,1,-2,00247NBC.jpg
0,2,2,2,-2,-2,00248NBC.jpg
0,2,1,2,-2,-2,00249NBC.jpg
1,2,0,-2,0,-2,00250NBC.jpg
1,2,0,-2,0,-2,00251NBC.jpg
0,1,0,2,-2,-2,00252NBC.jpg
0,1,0,2,-2,-2,00253NBC.jpg
3,-2,1,-2,1,3,00254NBC.jpg
3,-2,2,-2,1,3,00255NBC.jpg
2,2,0,3,1,-2,00256NBC.jpg
2,2,1,3,1,-2,00257NBC.jpg
0,2,2,2,-2,-2,00258NBC.jpg
0,2,1,2,-2,-2,00259NBC.jpg
1,2,1,-2,0,-2,00260NBC.jpg
1,2,1,-2,0,-2,00261NBC.jpg
0,3,0,1,-2,-2,00262NBC.jpg
0,3,1,1,-2,-2,00263NBC.jpg
3,-2,0,-2,0,3,00264NBC.jpg
3,-2,1,-2,1,2,00265NBC.jpg
2,2,1,1,1,-2,00266NBC.jpg
2,3,1,1,1,-2,00267NBC.jpg
0,3,0,1,-2,-2,00268NBC.jpg
0,2,1,1,-2,-2,00269NBC.jpg
1,2,1,-2,0,-2,00270NBC.jpg
1,2,1,-2,0,-2,00271NBC.jpg
0,3,0,1,-2,-2,00272NBC.jpg
0,3,1,1,-2,-2,00273NBC.jpg
3,-2,0,-2,0,3,00274NBC.jpg
3,-2,1,-2,1,2,00275NBC.jpg
2,2,1,1,1,-2,00276NBC.jpg
2,3,1,1,1,-2,00277NBC.jpg
0,3,0,1,-2,-2,00278NBC.jpg
0,2,1,1,-2,-2,00279NBC.jpg
1,2,0,-2,2,-2,00280NBC.jpg
1,2,0,-2,1,-2,00281NBC.jpg
0,1,1,2,-2,-2,00282NBC.jpg
0,2,1,2,-2,-2,00283NBC.jpg
3,-2,1,-2,2,2,00284NBC.jpg
3,-2,1,-2,2,1,00285NBC.jpg
2,1,0,1,3,-2,00286NBC.jpg
2,2,0,1,2,-2,00287NBC.jpg
0,1,0,1,-2,-2,00288NBC.jpg
0,2,0,1,-2,-2,00289NBC.jpg
1,2,0,-2,2,-2,00290NBC.jpg
1,2,0,-2,1,-2,00291NBC.jpg
0,1,0,1,-2,-2,00292NBC.jpg
0,2,0,1,-2,-2,00293NBC.jpg
3,-2,1,-2,2,2,00294NBC.jpg
3,-2,1,-2,2,1,00295NBC.jpg
2,1,0,1,3,-2,00296NBC.jpg
2,2,0,1,2,-2,00297NBC.jpg
0,1,1,2,-2,-2,00298NBC.jpg
0,2,1,2,-2,-2,00299NBC.jpg
1,1,0,-2,1,-2,00300NBC.jpg
1,3,0,-2,1,-2,00301NBC.jpg
0,1,1,1,-2,-2,00302NBC.jpg
0,2,0,1,-2,-2,00303NBC.jpg
3,-2,1,-2,0,2,00304NBC.jpg
3,-2,1,-2,0,2,00305NBC.jpg
2,2,1,1,2,-2,00306NBC.jpg
2,2,0,2,2,-2,00307NBC.jpg
0,1,0,2,-2,-2,00308NBC.jpg
0,2,0,2,-2,-2,00309NBC.jpg
1,1,0,-2,1,-2,00310NBC.jpg
1,3,0,-2,0,-2,00311NBC.jpg
0,1,1,1,-2,-2,00312NBC.jpg
0,2,0,1,-2,-2,00313NBC.jpg
3,-2,1,-2,0,2,00314NBC.jpg
3,-2,1,-2,0,2,00315NBC.jpg
2,1,1,0,2,-2,00316NBC.jpg
2,2,0,2,2,-2,00317NBC.jpg
0,1,0,1,-2,-2,00318NBC.jpg
0,2,0,2,-2,-2,00319NBC.jpg
1,3,1,-2,0,-2,00320NBC.jpg
1,3,1,-2,0,-2,00321NBC.jpg
0,1,0,3,-2,-2,00322NBC.jpg
0,2,0,3,-2,-2,00323NBC.jpg
3,-2,1,-2,0,2,00324NBC.jpg
3,-2,1,-2,0,2,00325NBC.jpg
2,2,1,3,1,-2,00326NBC.jpg
2,2,1,3,1,-2,00327NBC.jpg
0,2,1,3,-2,-2,00328NBC.jpg
0,3,1,3,-2,-2,00329NBC.jpg
1,3,1,-2,0,-2,00330NBC.jpg
1,3,1,-2,0,-2,00331NBC.jpg
0,1,0,3,-2,-2,00332NBC.jpg
0,2,0,3,-2,-2,00333NBC.jpg
3,-2,1,-2,0,2,00334NBC.jpg
3,-2,1,-2,0,2,00335NBC.jpg
2,2,1,3,1,-2,00336NBC.jpg
2,2,1,3,1,-2,00337NBC.jpg
0,2,1,3,-2,-2,00338NBC.jpg
0,3,1,3,-2,-2,00339NBC.jpg
1,3,1,-2,1,-2,00340NBC.jpg
1,2,1,-2,1,-2,00341NBC.jpg
0,1,0,2,-2,-2,00342NBC.jpg
0,1,0,2,-2,-2,00343NBC.jpg
3,-2,0,-2,1,1,00344NBC.jpg
3,-2,0,-2,1,1,00345NBC.jpg
2,2,0,2,2,-2,00346NBC.jpg
2,2,0,2,2,-2,00347NBC.jpg
0,1,2,2,-2,-2,00348NBC.jpg
0,2,1,2,-2,-2,00349NBC.jpg
1,3,1,-2,1,-2,00350NBC.jpg
1,3,1,-2,1,-2,00351NBC.jpg
0,1,2,1,-2,-2,00352NBC.jpg
0,2,1,1,-2,-2,00353NBC.jpg
3,-2,0,-2,1,1,00354NBC.jpg
3,-2,0,-2,1,1,00355NBC.jpg
2,2,0,2,2,-2,00356NBC.jpg
2,3,0,2,2,-2,00357NBC.jpg
0,1,0,2,-2,-2,00358NBC.jpg
0,1,0,2,-2,-2,00359NBC.jpg
1,2,1,-2,0,-2,00360NBC.jpg
1,2,1,-2,0,-2,00361NBC.jpg
0,2,1,1,-2,-2,00362NBC.jpg
0,1,2,1,-2,-2,00363NBC.jpg
3,-2,1,-2,0,3,00364NBC.jpg
3,-2,2,-2,0,3,00365NBC.jpg
2,2,0,0,1,-2,00366NBC.jpg
2,1,1,0,1,-2,00367NBC.jpg
0,1,1,0,-2,-2,00368NBC.jpg
0,1,1,0,-2,-2,00369NBC.jpg
1,2,1,-2,0,-2,00370NBC.jpg
1,2,1,-2,0,-2,00371NBC.jpg
0,1,1,0,-2,-2,00372NBC.jpg
0,1,1,0,-2,-2,00373NBC.jpg
3,-2,1,-2,0,3,00374NBC.jpg
3,-2,2,-2,0,3,00375NBC.jpg
2,2,1,0,1,-2,00376NBC.jpg
2,1,1,0,1,-2,00377NBC.jpg
0,2,1,1,-2,-2,00378NBC.jpg
0,2,2,1,-2,-2,00379NBC.jpg
1,1,0,-2,2,-2,00380NBC.jpg
1,1,1,-2,2,-2,00381NBC.jpg
0,1,0,2,-2,-2,00382NBC.jpg
0,1,0,2,-2,-2,00383NBC.jpg
3,-2,0,-2,1,3,00384NBC.jpg
3,-2,0,-2,1,2,00385NBC.jpg
2,2,0,1,1,-2,00386NBC.jpg
2,2,0,1,1,-2,00387NBC.jpg
0,1,0,1,-2,-2,00388NBC.jpg
0,1,1,2,-2,-2,00389NBC.jpg
1,1,0,-2,2,-2,00390NBC.jpg
1,1,1,-2,2,-2,00391NBC.jpg
0,1,0,0,-2,-2,00392NBC.jpg
0,1,0,0,-2,-2,00393NBC.jpg
3,-2,0,-2,1,3,00394NBC.jpg
3,-2,0,-2,1,3,00395NBC.jpg
2,2,0,1,1,-2,00396NBC.jpg
2,2,0,1,1,-2,00397NBC.jpg
0,1,0,1,-2,-2,00398NBC.jpg
0,1,0,1,-2,-2,00399NBC.jpg
1,2,0,-2,1,-2,00400NBC.jpg
1,1,1,-2,1,-2,00401NBC.jpg
0,1,2,1,-2,-2,00402NBC.jpg
0,2,2,1,-2,-2,00403NBC.jpg
3,-2,2,-2,0,3,00404NBC.jpg
3,-2,2,-2,1,3,00405NBC.jpg
2,2,1,1,1,-2,00406NBC.jpg
2,2,0,1,1,-2,00407NBC.jpg
0,1,2,1,-2,-2,00408NBC.jpg
0,2,2,1,-2,-2,00409NBC.jpg
1,2,0,-2,1,-2,00410NBC.jpg
1,1,1,-2,1,-2,00411NBC.jpg
0,1,2,1,-2,-2,00412NBC.jpg
0,2,2,1,-2,-2,00413NBC.jpg
3,-2,2,-2,0,3,00414NBC.jpg
3,-2,2,-2,1,3,00415NBC.jpg
2,2,1,1,1,-2,00416NBC.jpg
2,2,0,1,1,-2,00417NBC.jpg
0,1,2,1,-2,-2,00418NBC.jpg
0,2,2,1,-2,-2,00419NBC.jpg
1,0,0,-2,0,-2,00420NBC.jpg
1,2,1,-2,0,-2,00421NBC.jpg
0,1,2,2,-2,-2,00422NBC.jpg
0,2,2,2,-2,-2,00423NBC.jpg
3,-2,3,-2,0,1,00424NBC.jpg
3,-2,1,-2,0,3,00425NBC.jpg
2,1,0,2,1,-2,00426NBC.jpg
2,2,0,2,0,-2,00427NBC.jpg
0,1,1,2,-2,-2,00428NBC.jpg
0,2,1,2,-2,-2,00429NBC.jpg
1,1,0,-2,0,-2,00430NBC.jpg
1,2,1,-2,0,-2,00431NBC.jpg
0,1,2,2,-2,-2,00432NBC.jpg
0,2,2,2,-2,-2,00433NBC.jpg
3,-2,3,-2,0,1,00434NBC.jpg
3,-2,1,-2,0,3,00435NBC.jpg
2,1,0,2,1,-2,00436NBC.jpg
2,2,0,2,0,-2,00437NBC.jpg
0,1,1,2,-2,-2,00438NBC.jpg
0,2,1,2,-2,-2,00439NBC.jpg
1,2,0,-2,2,-2,00440NBC.jpg
1,2,0,-2,2,-2,00441NBC.jpg
0,1,0,3,-2,-2,00442NBC.jpg
0,1,0,3,-2,-2,00443NBC.jpg
3,-2,0,-2,1,2,00444NBC.jpg
3,-2,0,-2,0,3,00445NBC.jpg
2,1,0,4,2,-2,00446NBC.jpg
2,1,0,4,2,-2,00447NBC.jpg
0,1,0,3,-2,-2,00448NBC.jpg
0,1,0,3,-2,-2,00449NBC.jpg
1,2,0,-2,2,-2,00450NBC.jpg
1,1,0,-2,2,-2,00451NBC.jpg
0,1,0,3,-2,-2,00452NBC.jpg
0,1,0,1,-2,-2,00453NBC.jpg
3,-2,0,-2,0,2,00454NBC.jpg
3,-2,0,-2,0,3,00455NBC.jpg
2,1,0,1,1,-2,00456NBC.jpg
2,1,0,1,1,-2,00457NBC.jpg
0,1,0,0,-2,-2,00458NBC.jpg
0,1,0,3,-2,-2,00459NBC.jpg
1,3,1,-2,0,-2,00460NBC.jpg
1,2,1,-2,0,-2,00461NBC.jpg
0,2,0,0,-2,-2,00462NBC.jpg
0,2,1,0,-2,-2,00463NBC.jpg
3,-2,0,-2,0,1,00464NBC.jpg
3,-2,0,-2,0,3,00465NBC.jpg
2,2,0,0,1,-2,00466NBC.jpg
2,2,0,0,1,-2,00467NBC.jpg
0,1,1,1,-2,-2,00468NBC.jpg
0,1,1,1,-2,-2,00469NBC.jpg
1,3,1,-2,0,-2,00470NBC.jpg
1,2,1,-2,0,-2,00471NBC.jpg
0,1,1,1,-2,-2,00472NBC.jpg
0,1,1,1,-2,-2,00473NBC.jpg
3,-2,0,-2,0,1,00474NBC.jpg
3,-2,0,-2,0,3,00475NBC.jpg
2,2,0,1,1,-2,00476NBC.jpg
2,2,0,1,1,-2,00477NBC.jpg
0,2,0,1,-2,-2,00478NBC.jpg
0,2,1,1,-2,-2,00479NBC.jpg
1,2,1,-2,3,-2,00480NBC.jpg
1,3,1,-2,3,-2,00481NBC.jpg
0,2,1,2,-2,-2,00482NBC.jpg
0,1,0,2,-2,-2,00483NBC.jpg
3,-2,1,-2,3,1,00484NBC.jpg
3,-2,0,-2,2,1,00485NBC.jpg
2,2,1,2,3,-2,00486NBC.jpg
2,3,0,2,3,-2,00487NBC.jpg
0,2,0,3,-2,-2,00488NBC.jpg
0,1,0,2,-2,-2,00489NBC.jpg
1,2,2,-2,3,-2,00490NBC.jpg
1,3,2,-2,3,-2,00491NBC.jpg
0,2,1,2,-2,-2,00492NBC.jpg
0,1,0,2,-2,-2,00493NBC.jpg
3,-2,1,-2,3,1,00494NBC.jpg
3,-2,0,-2,2,1,00495NBC.jpg
2,2,1,2,3,-2,00496NBC.jpg
2,3,0,2,3,-2,00497NBC.jpg
0,2,0,3,-2,-2,00498NBC.jpg
0,1,0,2,-2,-2,00499NBC.jpg
1,2,0,-2,2,-2,00500NBC.jpg
1,2,0,-2,2,-2,00501NBC.jpg
0,2,0,1,-2,-2,00502NBC.jpg
0,2,0,1,-2,-2,00503NBC.jpg
3,-2,0,-2,0,0,00504NBC.jpg
3,-2,0,-2,0,0,00505NBC.jpg
2,1,0,1,1,-2,00506NBC.jpg
2,2,0,1,1,-2,00507NBC.jpg
0,2,1,1,-2,-2,00508NBC.jpg
0,2,1,1,-2,-2,00509NBC.jpg
1,2,0,-2,2,-2,00510NBC.jpg
1,2,0,-2,2,-2,00511NBC.jpg
0,2,0,1,-2,-2,00512NBC.jpg
0,2,0,1,-2,-2,00513NBC.jpg
3,-2,0,-2,0,1,00514NBC.jpg
3,-2,0,-2,0,1,00515NBC.jpg
2,1,0,1,1,-2,00516NBC.jpg
2,2,0,1,1,-2,00517NBC.jpg
0,2,1,1,-2,-2,00518NBC.jpg
0,2,1,1,-2,-2,00519NBC.jpg
1,1,0,-2,0,-2,00520NBC.jpg
1,1,0,-2,0,-2,00521NBC.jpg
0,1,1,1,-2,-2,00522NBC.jpg
0,1,2,1,-2,-2,00523NBC.jpg
3,-2,1,-2,0,2,00524NBC.jpg
3,-2,0,-2,1,0,00525NBC.jpg
2,2,0,1,2,-2,00526NBC.jpg
2,1,0,1,2,-2,00527NBC.jpg
0,1,1,1,-2,-2,00528NBC.jpg
0,1,1,1,-2,-2,00529NBC.jpg
1,1,0,-2,0,-2,00530NBC.jpg
1,1,0,-2,0,-2,00531NBC.jpg
0,1,0,1,-2,-2,00532NBC.jpg
0,1,1,1,-2,-2,00533NBC.jpg
3,-2,0,-2,0,2,00534NBC.jpg
3,-2,0,-2,1,0,00535NBC.jpg
2,2,0,0,1,-2,00536NBC.jpg
2,1,0,0,1,-2,00537NBC.jpg
0,1,1,1,-2,-2,00538NBC.jpg
0,1,1,1,-2,-2,00539NBC.jpg
1,1,0,-2,1,-2,00540NBC.jpg
1,1,0,-2,1,-2,00541NBC.jpg
0,1,0,4,-2,-2,00542NBC.jpg
0,1,0,4,-2,-2,00543NBC.jpg
3,-2,0,-2,1,2,00544NBC.jpg
3,-2,0,-2,1,2,00545NBC.jpg
2,1,0,3,2,-2,00546NBC.jpg
2,1,0,3,2,-2,00547NBC.jpg
0,1,0,3,-2,-2,00548NBC.jpg
0,1,0,3,-2,-2,00549NBC.jpg
1,1,0,-2,1,-2,00550NBC.jpg
1,1,0,-2,1,-2,00551NBC.jpg
0,1,0,4,-2,-2,00552NBC.jpg
0,1,0,4,-2,-2,00553NBC.jpg
3,-2,0,-2,1,2,00554NBC.jpg
3,-2,0,-2,1,2,00555NBC.jpg
2,1,0,1,2,-2,00556NBC.jpg
2,1,0,1,2,-2,00557NBC.jpg
0,1,0,3,-2,-2,00558NBC.jpg
0,1,0,3,-2,-2,00559NBC.jpg
1,1,1,-2,0,-2,00560NBC.jpg
1,2,1,-2,0,-2,00561NBC.jpg
0,2,2,1,-2,-2,00562NBC.jpg
0,2,2,1,-2,-2,00563NBC.jpg
3,-2,0,-2,0,3,00564NBC.jpg
3,-2,1,-2,0,3,00565NBC.jpg
2,1,2,2,1,-2,00566NBC.jpg
2,2,2,2,1,-2,00567NBC.jpg
0,2,2,2,-2,-2,00568NBC.jpg
0,2,2,2,-2,-2,00569NBC.jpg
1,1,1,-2,0,-2,00570NBC.jpg
1,2,1,-2,0,-2,00571NBC.jpg
0,2,2,2,-2,-2,00572NBC.jpg
0,2,2,2,-2,-2,00573NBC.jpg
3,-2,0,-2,0,3,00574NBC.jpg
3,-2,1,-2,0,3,00575NBC.jpg
2,1,2,2,1,-2,00576NBC.jpg
2,2,2,2,1,-2,00577NBC.jpg
0,2,2,1,-2,-2,00578NBC.jpg
0,2,2,1,-2,-2,00579NBC.jpg
1,3,1,-2,0,-2,00580NBC.jpg
1,4,1,-2,0,-2,00581NBC.jpg
0,2,1,0,-2,-2,00582NBC.jpg
0,3,0,0,-2,-2,00583NBC.jpg
3,-2,0,-2,0,2,00584NBC.jpg
3,-2,1,-2,0,0,00585NBC.jpg
2,3,0,0,0,-2,00586NBC.jpg
2,2,0,0,0,-2,00587NBC.jpg
0,2,0,0,-2,-2,00588NBC.jpg
0,3,0,0,-2,-2,00589NBC.jpg
1,3,1,-2,0,-2,00590NBC.jpg
1,4,1,-2,0,-2,00591NBC.jpg
0,2,0,0,-2,-2,00592NBC.jpg
0,3,0,0,-2,-2,00593NBC.jpg
3,-2,0,-2,0,2,00594NBC.jpg
3,-2,1,-2,0,0,00595NBC.jpg
2,3,0,0,0,-2,00596NBC.jpg
2,2,0,0,0,-2,00597NBC.jpg
0,2,1,0,-2,-2,00598NBC.jpg
0,3,0,0,-2,-2,00599NBC.jpg
1,1,0,-2,3,-2,00600NBC.jpg
1,1,0,-2,3,-2,00601NBC.jpg
0,1,0,2,-2,-2,00602NBC.jpg
0,1,0,2,-2,-2,00603NBC.jpg
3,-2,0,-2,2,2,00604NBC.jpg
3,-2,0,-2,2,2,00605NBC.jpg
2,2,0,2,3,-2,00606NBC.jpg
2,2,0,2,3,-2,00607NBC.jpg
0,2,0,2,-2,-2,00608NBC.jpg
0,2,0,2,-2,-2,00609NBC.jpg
1,1,0,-2,3,-2,00610NBC.jpg
1,1,0,-2,3,-2,00611NBC.jpg
0,1,0,2,-2,-2,00612NBC.jpg
0,1,0,2,-2,-2,00613NBC.jpg
3,-2,0,-2,2,2,00614NBC.jpg
3,-2,0,-2,2,2,00615NBC.jpg
2,2,0,2,3,-2,00616NBC.jpg
2,2,0,2,3,-2,00617NBC.jpg
0,2,0,2,-2,-2,00618NBC.jpg
0,2,0,2,-2,-2,00619NBC.jpg
1,3,1,-2,0,-2,00620NBC.jpg
1,4,1,-2,0,-2,00621NBC.jpg
0,1,0,1,-2,-2,00622NBC.jpg
0,2,0,1,-2,-2,00623NBC.jpg
3,-2,0,-2,0,4,00624NBC.jpg
3,-2,0,-2,0,4,00625NBC.jpg
2,2,1,2,2,-2,00626NBC.jpg
2,2,1,2,2,-2,00627NBC.jpg
0,2,0,2,-2,-2,00628NBC.jpg
0,3,1,2,-2,-2,00629NBC.jpg
1,3,1,-2,0,-2,00630NBC.jpg
1,4,1,-2,0,-2,00631NBC.jpg
0,1,0,1,-2,-2,00632NBC.jpg
0,2,0,1,-2,-2,00633NBC.jpg
3,-2,0,-2,0,4,00634NBC.jpg
3,-2,0,-2,0,4,00635NBC.jpg
2,2,1,2,2,-2,00636NBC.jpg
2,2,1,2,2,-2,00637NBC.jpg
0,2,0,2,-2,-2,00638NBC.jpg
0,3,1,2,-2,-2,00639NBC.jpg
1,1,1,-2,1,-2,00640NBC.jpg
1,1,0,-2,1,-2,00641NBC.jpg
0,2,1,1,-2,-2,00642NBC.jpg
0,1,1,1,-2,-2,00643NBC.jpg
3,-2,1,-2,0,2,00644NBC.jpg
3,-2,0,-2,0,1,00645NBC.jpg
2,2,1,1,2,-2,00646NBC.jpg
2,1,0,1,2,-2,00647NBC.jpg
0,1,1,1,-2,-2,00648NBC.jpg
0,1,1,1,-2,-2,00649NBC.jpg
1,1,1,-2,1,-2,00650NBC.jpg
1,1,0,-2,1,-2,00651NBC.jpg
0,1,0,1,-2,-2,00652NBC.jpg
0,1,1,1,-2,-2,00653NBC.jpg
3,-2,0,-2,0,2,00654NBC.jpg
3,-2,0,-2,0,1,00655NBC.jpg
2,2,0,0,2,-2,00656NBC.jpg
2,1,0,0,2,-2,00657NBC.jpg
0,2,0,0,-2,-2,00658NBC.jpg
0,1,0,0,-2,-2,00659NBC.jpg
1,2,1,-2,1,-2,00660NBC.jpg
1,2,1,-2,1,-2,00661NBC.jpg
0,1,2,0,-2,-2,00662NBC.jpg
0,2,2,0,-2,-2,00663NBC.jpg
3,-2,1,-2,0,2,00664NBC.jpg
3,-2,1,-2,0,3,00665NBC.jpg
2,2,1,0,1,-2,00666NBC.jpg
2,2,1,0,1,-2,00667NBC.jpg
0,1,1,1,-2,-2,00668NBC.jpg
0,1,1,1,-2,-2,00669NBC.jpg
1,2,1,-2,1,-2,00670NBC.jpg
1,2,1,-2,1,-2,00671NBC.jpg
0,1,2,0,-2,-2,00672NBC.jpg
0,2,2,0,-2,-2,00673NBC.jpg
3,-2,1,-2,0,2,00674NBC.jpg
3,-2,1,-2,0,3,00675NBC.jpg
2,2,1,0,1,-2,00676NBC.jpg
2,2,1,0,1,-2,00677NBC.jpg
0,1,1,1,-2,-2,00678NBC.jpg
0,1,1,1,-2,-2,00679NBC.jpg
1,2,1,-2,1,-2,00680NBC.jpg
1,2,1,-2,1,-2,00681NBC.jpg
0,2,0,0,-2,-2,00682NBC.jpg
0,2,0,0,-2,-2,00683NBC.jpg
3,-2,0,-2,1,2,00684NBC.jpg
3,-2,0,-2,0,2,00685NBC.jpg
2,2,0,0,1,-2,00686NBC.jpg
2,2,1,0,1,-2,00687NBC.jpg
0,2,0,0,-2,-2,00688NBC.jpg
0,2,1,0,-2,-2,00689NBC.jpg
1,2,1,-2,1,-2,00690NBC.jpg
1,2,1,-2,1,-2,00691NBC.jpg
0,2,0,0,-2,-2,00692NBC.jpg
0,2,0,0,-2,-2,00693NBC.jpg
3,-2,0,-2,1,2,00694NBC.jpg
3,-2,0,-2,0,2,00695NBC.jpg
2,2,0,0,1,-2,00696NBC.jpg
2,2,1,0,1,-2,00697NBC.jpg
0,2,0,0,-2,-2,00698NBC.jpg
0,2,1,0,-2,-2,00699NBC.jpg
1,1,0,-2,1,-2,00700NBC.jpg
1,1,0,-2,1,-2,00701NBC.jpg
0,1,1,2,-2,-2,00702NBC.jpg
0,1,0,2,-2,-2,00703NBC.jpg
3,-2,1,-2,0,1,00704NBC.jpg
3,-2,0,-2,1,1,00705NBC.jpg
2,1,1,2,2,-2,00706NBC.jpg
2,1,0,2,2,-2,00707NBC.jpg
0,1,0,2,-2,-2,00708NBC.jpg
0,1,0,2,-2,-2,00709NBC.jpg
1,1,0,-2,1,-2,00710NBC.jpg
1,1,0,-2,1,-2,00711NBC.jpg
0,1,1,2,-2,-2,00712NBC.jpg
0,1,0,2,-2,-2,00713NBC.jpg
3,-2,1,-2,0,1,00714NBC.jpg
3,-2,0,-2,1,1,00715NBC.jpg
2,1,1,2,2,-2,00716NBC.jpg
2,1,0,2,2,-2,00717NBC.jpg
0,1,0,2,-2,-2,00718NBC.jpg
0,1,0,2,-2,-2,00719NBC.jpg
1,2,1,-2,0,-2,00720NBC.jpg
1,1,1,-2,0,-2,00721NBC.jpg
0,2,1,1,-2,-2,00722NBC.jpg
0,2,1,1,-2,-2,00723NBC.jpg
3,-2,1,-2,0,2,00724NBC.jpg
3,-2,1,-2,0,0,00725NBC.jpg
2,2,1,1,1,-2,00726NBC.jpg
2,1,1,1,1,-2,00727NBC.jpg
0,3,1,1,-2,-2,00728NBC.jpg
0,2,1,1,-2,-2,00729NBC.jpg
1,2,1,-2,0,-2,00730NBC.jpg
1,1,1,-2,0,-2,00731NBC.jpg
0,2,1,1,-2,-2,00732NBC.jpg
0,2,1,1,-2,-2,00733NBC.jpg
3,-2,1,-2,0,2,00734NBC.jpg
3,-2,1,-2,0,0,00735NBC.jpg
2,2,1,1,1,-2,00736NBC.jpg
2,1,1,1,1,-2,00737NBC.jpg
0,3,1,1,-2,-2,00738NBC.jpg
0,2,1,1,-2,-2,00739NBC.jpg
1,1,1,-2,1,-2,00740NBC.jpg
1,2,1,-2,1,-2,00741NBC.jpg
0,1,1,2,-2,-2,00742NBC.jpg
0,1,2,2,-2,-2,00743NBC.jpg
3,-2,1,-2,2,2,00744NBC.jpg
3,-2,2,-2,2,2,00745NBC.jpg
2,1,1,2,2,-2,00746NBC.jpg
2,2,2,2,2,-2,00747NBC.jpg
0,1,1,2,-2,-2,00748NBC.jpg
0,1,2,2,-2,-2,00749NBC.jpg
1,1,1,-2,1,-2,00750NBC.jpg
1,2,1,-2,1,-2,00751NBC.jpg
0,1,1,1,-2,-2,00752NBC.jpg
0,2,2,1,-2,-2,00753NBC.jpg
3,-2,1,-2,2,2,00754NBC.jpg
3,-2,1,-2,2,2,00755NBC.jpg
2,1,1,1,2,-2,00756NBC.jpg
2,2,2,1,2,-2,00757NBC.jpg
0,1,1,1,-2,-2,00758NBC.jpg
0,1,2,1,-2,-2,00759NBC.jpg
1,1,0,-2,2,-2,00760NBC.jpg
1,1,1,-2,2,-2,00761NBC.jpg
0,1,0,3,-2,-2,00762NBC.jpg
0,1,0,3,-2,-2,00763NBC.jpg
3,-2,0,-2,3,3,00764NBC.jpg
3,-2,0,-2,3,2,00765NBC.jpg
2,1,0,4,4,-2,00766NBC.jpg
2,0,0,4,4,-2,00767NBC.jpg
0,1,0,4,-2,-2,00768NBC.jpg
0,1,0,4,-2,-2,00769NBC.jpg
1,1,0,-2,2,-2,00770NBC.jpg
1,1,1,-2,2,-2,00771NBC.jpg
0,1,0,3,-2,-2,00772NBC.jpg
0,1,0,3,-2,-2,00773NBC.jpg
3,-2,0,-2,3,3,00774NBC.jpg
3,-2,0,-2,3,2,00775NBC.jpg
2,1,0,4,4,-2,00776NBC.jpg
2,0,0,4,4,-2,00777NBC.jpg
0,1,0,4,-2,-2,00778NBC.jpg
0,1,0,4,-2,-2,00779NBC.jpg
1,0,0,-2,0,-2,00780NBC.jpg
1,2,0,-2,0,-2,00781NBC.jpg
0,2,0,0,-2,-2,00782NBC.jpg
0,2,1,0,-2,-2,00783NBC.jpg
3,-2,0,-2,0,1,00784NBC.jpg
3,-2,0,-2,0,1,00785NBC.jpg
2,1,0,0,0,-2,00786NBC.jpg
2,2,0,0,0,-2,00787NBC.jpg
0,1,1,0,-2,-2,00788NBC.jpg
0,2,1,1,-2,-2,00789NBC.jpg
1,0,0,-2,0,-2,00790NBC.jpg
1,2,0,-2,0,-2,00791NBC.jpg
0,2,0,0,-2,-2,00792NBC.jpg
0,2,1,1,-2,-2,00793NBC.jpg
3,-2,0,-2,0,1,00794NBC.jpg
3,-2,0,-2,0,1,00795NBC.jpg
2,1,0,0,0,-2,00796NBC.jpg
2,2,0,0,0,-2,00797NBC.jpg
0,2,1,0,-2,-2,00798NBC.jpg
0,2,1,0,-2,-2,00799NBC.jpg
1,2,0,-2,0,-2,00800NBC.jpg
1,1,0,-2,0,-2,00801NBC.jpg
0,2,0,1,-2,-2,00802NBC.jpg
0,1,1,1,-2,-2,00803NBC.jpg
3,-2,1,-2,1,1,00804NBC.jpg
3,-2,1,-2,1,1,00805NBC.jpg
2,2,0,1,2,-2,00806NBC.jpg
2,1,0,1,2,-2,00807NBC.jpg
0,2,1,2,-2,-2,00808NBC.jpg
0,1,1,2,-2,-2,00809NBC.jpg
1,2,0,-2,0,-2,00810NBC.jpg
1,1,0,-2,0,-2,00811NBC.jpg
0,2,1,2,-2,-2,00812NBC.jpg
0,1,1,2,-2,-2,00813NBC.jpg
3,-2,1,-2,1,1,00814NBC.jpg
3,-2,1,-2,1,1,00815NBC.jpg
2,2,0,2,2,-2,00816NBC.jpg
2,1,0,1,2,-2,00817NBC.jpg
0,2,0,2,-2,-2,00818NBC.jpg
0,1,1,1,-2,-2,00819NBC.jpg
1,2,1,-2,1,-2,00820NBC.jpg
1,2,1,-2,1,-2,00821NBC.jpg
0,3,2,2,-2,-2,00822NBC.jpg
0,1,1,2,-2,-2,00823NBC.jpg
3,-2,0,-2,0,1,00824NBC.jpg
3,-2,0,-2,0,0,00825NBC.jpg
2,2,1,1,1,-2,00826NBC.jpg
2,1,1,1,1,-2,00827NBC.jpg
0,2,1,2,-2,-2,00828NBC.jpg
0,1,1,2,-2,-2,00829NBC.jpg
1,2,1,-2,1,-2,00830NBC.jpg
1,2,1,-2,1,-2,00831NBC.jpg
0,2,1,1,-2,-2,00832NBC.jpg
0,1,1,2,-2,-2,00833NBC.jpg
3,-2,0,-2,0,1,00834NBC.jpg
3,-2,0,-2,0,0,00835NBC.jpg
2,2,1,1,1,-2,00836NBC.jpg
2,1,1,1,1,-2,00837NBC.jpg
0,3,2,1,-2,-2,00838NBC.jpg
0,1,1,1,-2,-2,00839NBC.jpg
1,1,1,-2,2,-2,00840NBC.jpg
1,2,1,-2,2,-2,00841NBC.jpg
0,0,2,1,-2,-2,00842NBC.jpg
0,1,2,1,-2,-2,00843NBC.jpg
3,-2,0,-2,3,4,00844NBC.jpg
3,-2,2,-2,3,3,00845NBC.jpg
2,1,2,1,4,-2,00846NBC.jpg
2,2,2,1,4,-2,00847NBC.jpg
0,1,2,1,-2,-2,00848NBC.jpg
0,2,1,1,-2,-2,00849NBC.jpg
1,1,1,-2,2,-2,00850NBC.jpg
1,2,1,-2,2,-2,00851NBC.jpg
0,0,2,1,-2,-2,00852NBC.jpg
0,1,2,1,-2,-2,00853NBC.jpg
3,-2,0,-2,3,4,00854NBC.jpg
3,-2,2,-2,3,3,00855NBC.jpg
2,1,2,1,4,-2,00856NBC.jpg
2,2,2,1,4,-2,00857NBC.jpg
0,1,2,1,-2,-2,00858NBC.jpg
0,2,1,1,-2,-2,00859NBC.jpg
1,2,0,-2,1,-2,00860NBC.jpg
1,2,1,-2,1,-2,00861NBC.jpg
0,2,2,0,-2,-2,00862NBC.jpg
0,2,1,0,-2,-2,00863NBC.jpg
3,-2,1,-2,2,0,00864NBC.jpg
3,-2,1,-2,1,1,00865NBC.jpg
2,2,1,0,1,-2,00866NBC.jpg
2,2,1,0,1,-2,00867NBC.jpg
0,2,1,0,-2,-2,00868NBC.jpg
0,2,1,0,-2,-2,00869NBC.jpg
1,2,0,-2,1,-2,00870NBC.jpg
1,2,1,-2,1,-2,00871NBC.jpg
0,2,2,0,-2,-2,00872NBC.jpg
0,2,1,0,-2,-2,00873NBC.jpg
3,-2,1,-2,2,0,00874NBC.jpg
3,-2,1,-2,1,1,00875NBC.jpg
2,2,1,0,1,-2,00876NBC.jpg
2,2,1,0,1,-2,00877NBC.jpg
0,2,1,0,-2,-2,00878NBC.jpg
0,2,1,0,-2,-2,00879NBC.jpg
1,1,0,-2,0,-2,00880NBC.jpg
1,1,0,-2,0,-2,00881NBC.jpg
0,1,0,2,-2,-2,00882NBC.jpg
0,0,0,2,-2,-2,00883NBC.jpg
3,-2,0,-2,0,1,00884NBC.jpg
3,-2,0,-2,0,3,00885NBC.jpg
2,2,0,2,1,-2,00886NBC.jpg
2,1,0,2,1,-2,00887NBC.jpg
0,1,1,2,-2,-2,00888NBC.jpg
0,0,1,2,-2,-2,00889NBC.jpg
1,1,0,-2,0,-2,00890NBC.jpg
1,1,0,-2,0,-2,00891NBC.jpg
0,1,1,2,-2,-2,00892NBC.jpg
0,0,0,2,-2,-2,00893NBC.jpg
3,-2,0,-2,0,1,00894NBC.jpg
3,-2,0,-2,0,3,00895NBC.jpg
2,2,0,2,1,-2,00896NBC.jpg
2,1,0,2,1,-2,00897NBC.jpg
0,1,0,2,-2,-2,00898NBC.jpg
0,0,0,2,-2,-2,00899NBC.jpg
1,1,0,-2,0,-2,00900NBC.jpg
1,1,0,-2,0,-2,00901NBC.jpg
0,1,1,0,-2,-2,00902NBC.jpg
0,2,1,0,-2,-2,00903NBC.jpg
3,-2,1,-2,0,3,00904NBC.jpg
3,-2,1,-2,0,4,00905NBC.jpg
2,1,0,0,1,-2,00906NBC.jpg
2,2,1,0,1,-2,00907NBC.jpg
0,1,1,1,-2,-2,00908NBC.jpg
0,2,1,1,-2,-2,00909NBC.jpg
1,1,0,-2,0,-2,00910NBC.jpg
1,1,0,-2,0,-2,00911NBC.jpg
0,1,1,0,-2,-2,00912NBC.jpg
0,2,1,0,-2,-2,00913NBC.jpg
3,-2,1,-2,0,3,00914NBC.jpg
3,-2,1,-2,0,4,00915NBC.jpg
2,1,0,0,1,-2,00916NBC.jpg
2,2,0,0,1,-2,00917NBC.jpg
0,1,1,1,-2,-2,00918NBC.jpg
0,2,1,1,-2,-2,00919NBC.jpg
1,2,0,-2,0,-2,00920NBC.jpg
1,2,0,-2,0,-2,00921NBC.jpg
0,2,1,0,-2,-2,00922NBC.jpg
0,2,2,0,-2,-2,00923NBC.jpg
3,-2,0,-2,0,1,00924NBC.jpg
3,-2,0,-2,0,2,00925NBC.jpg
2,2,1,0,1,-2,00926NBC.jpg
2,2,2,0,1,-2,00927NBC.jpg
0,2,1,0,-2,-2,00928NBC.jpg
0,2,2,0,-2,-2,00929NBC.jpg
1,2,0,-2,0,-2,00930NBC.jpg
1,2,0,-2,0,-2,00931NBC.jpg
0,2,1,0,-2,-2,00932NBC.jpg
0,2,2,0,-2,-2,00933NBC.jpg
3,-2,0,-2,0,1,00934NBC.jpg
3,-2,0,-2,0,2,00935NBC.jpg
2,2,1,0,1,-2,00936NBC.jpg
2,2,2,0,1,-2,00937NBC.jpg
0,2,1,0,-2,-2,00938NBC.jpg
0,2,2,0,-2,-2,00939NBC.jpg
1,3,1,-2,0,-2,00940NBC.jpg
1,2,2,-2,1,-2,00941NBC.jpg
0,3,1,1,-2,-2,00942NBC.jpg
0,1,1,1,-2,-2,00943NBC.jpg
3,-2,0,-2,0,2,00944NBC.jpg
3,-2,0,-2,0,1,00945NBC.jpg
2,3,1,1,1,-2,00946NBC.jpg
2,1,1,1,1,-2,00947NBC.jpg
0,3,0,1,-2,-2,00948NBC.jpg
0,1,0,1,-2,-2,00949NBC.jpg
1,3,1,-2,0,-2,00950NBC.jpg
1,2,2,-2,1,-2,00951NBC.jpg
0,3,1,1,-2,-2,00952NBC.jpg
0,1,1,1,-2,-2,00953NBC.jpg
3,-2,0,-2,0,2,00954NBC.jpg
3,-2,0,-2,0,1,00955NBC.jpg
2,3,1,1,1,-2,00956NBC.jpg
2,1,1,1,1,-2,00957NBC.jpg
0,3,0,1,-2,-2,00958NBC.jpg
0,1,0,1,-2,-2,00959NBC.jpg
1,1,1,-2,0,-2,00960NBC.jpg
1,1,1,-2,0,-2,00961NBC.jpg
0,0,3,1,-2,-2,00962NBC.jpg
0,1,2,1,-2,-2,00963NBC.jpg
3,-2,2,-2,1,2,00964NBC.jpg
3,-2,0,-2,1,2,00965NBC.jpg
2,1,1,1,0,-2,00966NBC.jpg
2,1,1,1,1,-2,00967NBC.jpg
0,1,2,0,-2,-2,00968NBC.jpg
0,1,1,0,-2,-2,00969NBC.jpg
1,1,1,-2,0,-2,00970NBC.jpg
1,1,1,-2,0,-2,00971NBC.jpg
0,0,3,1,-2,-2,00972NBC.jpg
0,1,2,1,-2,-2,00973NBC.jpg
3,-2,2,-2,1,2,00974NBC.jpg
3,-2,0,-2,1,2,00975NBC.jpg
2,1,1,1,0,-2,00976NBC.jpg
2,1,1,1,1,-2,00977NBC.jpg
0,1,2,0,-2,-2,00978NBC.jpg
0,1,1,0,-2,-2,00979NBC.jpg
1,3,2,-2,0,-2,00980NBC.jpg
0,1,1,1,-2,-2,00981NBC.jpg
3,-2,1,-2,0,2,00982NBC.jpg
2,2,1,2,1,-2,00983NBC.jpg
0,1,1,1,-2,-2,00984NBC.jpg
1,3,2,-2,0,-2,00985NBC.jpg
0,1,1,1,-2,-2,00986NBC.jpg
3,-2,1,-2,0,2,00987NBC.jpg
2,2,1,2,1,-2,00988NBC.jpg
0,1,1,1,-2,-2,00989NBC.jpg
1,2,1,-2,0,-2,00990NBC.jpg
1,2,1,-2,0,-2,00991NBC.jpg
0,2,1,1,-2,-2,00992NBC.jpg
0,2,1,1,-2,-2,00993NBC.jpg
3,-2,1,-2,0,1,00994NBC.jpg
3,-2,0,-2,0,2,00995NBC.jpg
2,2,1,1,1,-2,00996NBC.jpg
2,2,0,1,1,-2,00997NBC.jpg
0,2,1,0,-2,-2,00998NBC.jpg
0,2,1,0,-2,-2,00999NBC.jpg
1,2,1,-2,0,-2,01000NBC.jpg
1,2,1,-2,0,-2,01001NBC.jpg
0,2,1,0,-2,-2,01002NBC.jpg
0,2,1,0,-2,-2,01003NBC.jpg
3,-2,0,-2,0,1,01004NBC.jpg
3,-2,0,-2,0,2,01005NBC.jpg
2,2,0,0,1,-2,01006NBC.jpg
2,2,0,0,1,-2,01007NBC.jpg
0,2,1,1,-2,-2,01008NBC.jpg
0,2,1,1,-2,-2,01009NBC.jpg
1,2,1,-2,0,-2,01010NBC.jpg
1,2,1,-2,0,-2,01011NBC.jpg
0,2,0,0,-2,-2,01012NBC.jpg
0,1,0,0,-2,-2,01013NBC.jpg
3,-2,0,-2,1,3,01014NBC.jpg
3,-2,0,-2,1,2,01015NBC.jpg
2,2,0,0,1,-2,01016NBC.jpg
2,2,0,0,1,-2,01017NBC.jpg
0,2,0,1,-2,-2,01018NBC.jpg
0,2,0,1,-2,-2,01019NBC.jpg
1,2,1,-2,0,-2,01020NBC.jpg
1,2,1,-2,0,-2,01021NBC.jpg
0,2,0,0,-2,-2,01022NBC.jpg
0,1,0,0,-2,-2,01023NBC.jpg
3,-2,0,-2,1,3,01024NBC.jpg
3,-2,0,-2,1,2,01025NBC.jpg
2,2,0,0,1,-2,01026NBC.jpg
2,2,0,0,1,-2,01027NBC.jpg
0,2,0,1,-2,-2,01028NBC.jpg
0,2,0,1,-2,-2,01029NBC.jpg
1,3,1,-2,1,-2,01030NBC.jpg
1,2,2,-2,1,-2,01031NBC.jpg
0,1,1,2,-2,-2,01032NBC.jpg
0,2,1,2,-2,-2,01033NBC.jpg
3,-2,0,-2,1,2,01034NBC.jpg
3,-2,0,-2,1,2,01035NBC.jpg
2,2,0,2,1,-2,01036NBC.jpg
2,2,0,2,1,-2,01037NBC.jpg
0,2,0,2,-2,-2,01038NBC.jpg
0,2,0,2,-2,-2,01039NBC.jpg
1,2,1,-2,1,-2,01040NBC.jpg
1,2,2,-2,1,-2,01041NBC.jpg
0,1,1,2,-2,-2,01042NBC.jpg
0,2,1,2,-2,-2,01043NBC.jpg
3,-2,0,-2,1,2,01044NBC.jpg
3,-2,0,-2,1,2,01045NBC.jpg
2,2,0,2,1,-2,01046NBC.jpg
2,2,0,2,1,-2,01047NBC.jpg
0,2,0,2,-2,-2,01048NBC.jpg
0,2,0,2,-2,-2,01049NBC.jpg
1,2,1,-2,0,-2,01050NBC.jpg
1,2,1,-2,0,-2,01051NBC.jpg
0,2,2,1,-2,-2,01052NBC.jpg
0,3,1,1,-2,-2,01053NBC.jpg
3,-2,0,-2,0,0,01054NBC.jpg
3,-2,1,-2,0,2,01055NBC.jpg
2,2,1,1,2,-2,01056NBC.jpg
2,2,1,1,2,-2,01057NBC.jpg
0,2,1,1,-2,-2,01058NBC.jpg
0,2,1,1,-2,-2,01059NBC.jpg
1,2,1,-2,0,-2,01060NBC.jpg
1,2,1,-2,0,-2,01061NBC.jpg
0,2,2,1,-2,-2,01062NBC.jpg
0,3,1,1,-2,-2,01063NBC.jpg
3,-2,0,-2,0,0,01064NBC.jpg
3,-2,1,-2,0,2,01065NBC.jpg
2,2,1,1,2,-2,01066NBC.jpg
2,2,1,1,2,-2,01067NBC.jpg
0,2,1,1,-2,-2,01068NBC.jpg
0,3,1,1,-2,-2,01069NBC.jpg
1,0,0,-2,2,-2,01070NBC.jpg
1,1,0,-2,1,-2,01071NBC.jpg
0,1,0,4,-2,-2,01072NBC.jpg
0,1,0,3,-2,-2,01073NBC.jpg
3,-2,0,-2,1,4,01074NBC.jpg
3,-2,0,-2,1,3,01075NBC.jpg
2,1,0,4,1,-2,01076NBC.jpg
2,1,0,3,2,-2,01077NBC.jpg
0,1,0,4,-2,-2,01078NBC.jpg
0,0,0,3,-2,-2,01079NBC.jpg
1,0,0,-2,2,-2,01080NBC.jpg
1,1,0,-2,2,-2,01081NBC.jpg
0,0,0,3,-2,-2,01082NBC.jpg
0,1,0,4,-2,-2,01083NBC.jpg
3,-2,0,-2,1,4,01084NBC.jpg
3,-2,0,-2,1,4,01085NBC.jpg
2,0,0,3,2,-2,01086NBC.jpg
2,1,0,4,2,-2,01087NBC.jpg
0,0,0,3,-2,-2,01088NBC.jpg
1,1,1,-2,2,-2,01089NBC.jpg
1,1,1,-2,2,-2,01090NBC.jpg
0,2,0,3,-2,-2,01091NBC.jpg
0,1,0,2,-2,-2,01092NBC.jpg
3,-2,0,-2,2,4,01093NBC.jpg
3,-2,0,-2,1,2,01094NBC.jpg
2,1,0,3,3,-2,01095NBC.jpg
2,1,1,2,2,-2,01096NBC.jpg
0,1,1,2,-2,-2,01097NBC.jpg
0,1,0,2,-2,-2,01098NBC.jpg
1,1,1,-2,2,-2,01099NBC.jpg
1,1,1,-2,2,-2,01100NBC.jpg
0,1,0,2,-2,-2,01101NBC.jpg
0,1,0,2,-2,-2,01102NBC.jpg
3,-2,0,-2,0,4,01103NBC.jpg
3,-2,0,-2,0,2,01104NBC.jpg
2,1,0,2,2,-2,01105NBC.jpg
2,1,1,2,2,-2,01106NBC.jpg
0,1,1,2,-2,-2,01107NBC.jpg
0,1,0,2,-2,-2,01108NBC.jpg
1,2,3,-2,0,-2,01109NBC.jpg
1,2,2,-2,0,-2,01110NBC.jpg
0,2,2,1,-2,-2,01111NBC.jpg
0,2,2,1,-2,-2,01112NBC.jpg
3,-2,2,-2,0,1,01113NBC.jpg
3,-2,2,-2,0,1,01114NBC.jpg
2,2,2,1,1,-2,01115NBC.jpg
2,2,2,1,1,-2,01116NBC.jpg
0,2,2,1,-2,-2,01117NBC.jpg
0,2,2,1,-2,-2,01118NBC.jpg
1,2,3,-2,0,-2,01119NBC.jpg
1,2,2,-2,0,-2,01120NBC.jpg
0,2,2,1,-2,-2,01121NBC.jpg
0,2,2,1,-2,-2,01122NBC.jpg
3,-2,2,-2,0,1,01123NBC.jpg
3,-2,2,-2,0,1,01124NBC.jpg
2,2,2,1,1,-2,01125NBC.jpg
2,2,2,1,1,-2,01126NBC.jpg
0,2,2,1,-2,-2,01127NBC.jpg
0,2,2,1,-2,-2,01128NBC.jpg
1,1,0,-2,2,-2,01129NBC.jpg
1,2,0,-2,2,-2,01130NBC.jpg
0,1,0,2,-2,-2,01131NBC.jpg
0,2,0,2,-2,-2,01132NBC.jpg
3,-2,0,-2,2,1,01133NBC.jpg
3,-2,0,-2,1,1,01134NBC.jpg
2,1,0,2,2,-2,01135NBC.jpg
2,2,0,2,2,-2,01136NBC.jpg
0,1,0,3,-2,-2,01137NBC.jpg
0,2,0,2,-2,-2,01138NBC.jpg
1,1,0,-2,2,-2,01139NBC.jpg
1,2,0,-2,2,-2,01140NBC.jpg
0,1,0,3,-2,-2,01141NBC.jpg
0,2,0,2,-2,-2,01142NBC.jpg
3,-2,0,-2,2,1,01143NBC.jpg
3,-2,0,-2,1,1,01144NBC.jpg
2,1,0,2,2,-2,01145NBC.jpg
2,2,0,2,2,-2,01146NBC.jpg
0,1,0,2,-2,-2,01147NBC.jpg
0,2,0,2,-2,-2,01148NBC.jpg
1,2,0,-2,1,-2,01149NBC.jpg
1,1,0,-2,1,-2,01150NBC.jpg
0,1,0,0,-2,-2,01151NBC.jpg
0,1,0,0,-2,-2,01152NBC.jpg
3,-2,0,-2,0,2,01153NBC.jpg
3,-2,0,-2,0,2,01154NBC.jpg
2,1,1,1,0,-2,01155NBC.jpg
2,1,0,1,1,-2,01156NBC.jpg
0,1,0,2,-2,-2,01157NBC.jpg
0,1,0,1,-2,-2,01158NBC.jpg
1,2,0,-2,0,-2,01159NBC.jpg
1,1,0,-2,1,-2,01160NBC.jpg
0,1,0,1,-2,-2,01161NBC.jpg
0,1,0,1,-2,-2,01162NBC.jpg
3,-2,0,-2,0,2,01163NBC.jpg
3,-2,0,-2,0,2,01164NBC.jpg
2,1,0,1,0,-2,01165NBC.jpg
2,1,0,1,0,-2,01166NBC.jpg
0,1,0,0,-2,-2,01167NBC.jpg
0,1,0,0,-2,-2,01168NBC.jpg
1,2,1,-2,1,-2,01169NBC.jpg
1,1,1,-2,0,-2,01170NBC.jpg
0,2,1,2,-2,-2,01171NBC.jpg
0,1,1,2,-2,-2,01172NBC.jpg
3,-2,1,-2,0,2,01173NBC.jpg
3,-2,1,-2,1,2,01174NBC.jpg
2,2,1,2,1,-2,01175NBC.jpg
2,2,2,2,2,-2,01176NBC.jpg
0,2,2,2,-2,-2,01177NBC.jpg
0,2,1,2,-2,-2,01178NBC.jpg
1,2,1,-2,1,-2,01179NBC.jpg
1,1,1,-2,0,-2,01180NBC.jpg
0,2,1,2,-2,-2,01181NBC.jpg
0,2,1,2,-2,-2,01182NBC.jpg
3,-2,1,-2,0,2,01183NBC.jpg
3,-2,1,-2,1,2,01184NBC.jpg
2,2,1,2,1,-2,01185NBC.jpg
2,2,2,2,2,-2,01186NBC.jpg
0,2,2,2,-2,-2,01187NBC.jpg
0,2,1,2,-2,-2,01188NBC.jpg
1,1,1,-2,1,-2,01189NBC.jpg
1,1,1,-2,0,-2,01190NBC.jpg
0,2,1,1,-2,-2,01191NBC.jpg
0,1,0,1,-2,-2,01192NBC.jpg
3,-2,0,-2,1,3,01193NBC.jpg
3,-2,0,-2,1,2,01194NBC.jpg
2,3,1,1,2,-2,01195NBC.jpg
2,1,0,1,1,-2,01196NBC.jpg
0,2,1,1,-2,-2,01197NBC.jpg
0,1,1,1,-2,-2,01198NBC.jpg
1,1,1,-2,0,-2,01199NBC.jpg
1,1,1,-2,1,-2,01200NBC.jpg
0,2,1,1,-2,-2,01201NBC.jpg
0,1,1,1,-2,-2,01202NBC.jpg
3,-2,0,-2,1,3,01203NBC.jpg
3,-2,0,-2,1,2,01204NBC.jpg
2,2,1,1,2,-2,01205NBC.jpg
2,1,0,1,2,-2,01206NBC.jpg
0,2,1,1,-2,-2,01207NBC.jpg
0,1,0,1,-2,-2,01208NBC.jpg
1,2,0,-2,2,-2,01209NBC.jpg
1,3,1,-2,2,-2,01210NBC.jpg
0,2,1,2,-2,-2,01211NBC.jpg
0,1,0,2,-2,-2,01212NBC.jpg
3,-2,0,-2,2,3,01213NBC.jpg
3,-2,0,-2,2,4,01214NBC.jpg
2,2,1,2,2,-2,01215NBC.jpg
2,2,0,2,2,-2,01216NBC.jpg
0,2,1,2,-2,-2,01217NBC.jpg
0,1,1,2,-2,-2,01218NBC.jpg
1,1,0,-2,1,-2,01219NBC.jpg
1,3,1,-2,1,-2,01220NBC.jpg
0,2,1,2,-2,-2,01221NBC.jpg
0,1,0,2,-2,-2,01222NBC.jpg
3,-2,0,-2,2,3,01223NBC.jpg
3,-2,0,-2,2,4,01224NBC.jpg
2,1,1,2,2,-2,01225NBC.jpg
2,2,0,2,2,-2,01226NBC.jpg
0,2,1,2,-2,-2,01227NBC.jpg
0,1,1,2,-2,-2,01228NBC.jpg
1,2,1,-2,0,-2,01229NBC.jpg
1,3,2,-2,1,-2,01230NBC.jpg
0,2,1,1,-2,-2,01231NBC.jpg
0,3,1,1,-2,-2,01232NBC.jpg
3,-2,0,-2,1,2,01233NBC.jpg
3,-2,1,-2,0,2,01234NBC.jpg
2,2,0,1,2,-2,01235NBC.jpg
2,3,0,1,2,-2,01236NBC.jpg
0,2,0,1,-2,-2,01237NBC.jpg
0,3,1,1,-2,-2,01238NBC.jpg
1,2,1,-2,0,-2,01239NBC.jpg
1,3,2,-2,1,-2,01240NBC.jpg
0,2,0,1,-2,-2,01241NBC.jpg
0,2,1,1,-2,-2,01242NBC.jpg
3,-2,0,-2,1,2,01243NBC.jpg
3,-2,1,-2,0,2,01244NBC.jpg
2,2,0,1,2,-2,01245NBC.jpg
2,3,0,1,2,-2,01246NBC.jpg
0,2,1,1,-2,-2,01247NBC.jpg
0,2,1,1,-2,-2,01248NBC.jpg
1,3,1,-2,0,-2,01249NBC.jpg
1,2,1,-2,0,-2,01250NBC.jpg
0,2,1,1,-2,-2,01251NBC.jpg
0,2,1,1,-2,-2,01252NBC.jpg
3,-2,1,-2,0,3,01253NBC.jpg
3,-2,0,-2,0,2,01254NBC.jpg
2,2,0,2,1,-2,01255NBC.jpg
2,2,1,2,1,-2,01256NBC.jpg
0,2,1,1,-2,-2,01257NBC.jpg
0,2,1,2,-2,-2,01258NBC.jpg
1,3,1,-2,0,-2,01259NBC.jpg
1,2,1,-2,0,-2,01260NBC.jpg
0,2,0,2,-2,-2,01261NBC.jpg
0,2,1,2,-2,-2,01262NBC.jpg
3,-2,1,-2,0,3,01263NBC.jpg
3,-2,0,-2,0,2,01264NBC.jpg
2,2,0,2,0,-2,01265NBC.jpg
2,2,1,2,1,-2,01266NBC.jpg
0,2,1,1,-2,-2,01267NBC.jpg
0,2,1,1,-2,-2,01268NBC.jpg
1,3,1,-2,0,-2,01269NBC.jpg
1,3,2,-2,0,-2,01270NBC.jpg
0,2,2,1,-2,-2,01271NBC.jpg
0,3,1,1,-2,-2,01272NBC.jpg
3,-2,1,-2,0,2,01273NBC.jpg
3,-2,0,-2,0,2,01274NBC.jpg
2,2,1,1,1,-2,01275NBC.jpg
2,3,2,1,1,-2,01276NBC.jpg
0,2,2,1,-2,-2,01277NBC.jpg
0,3,2,1,-2,-2,01278NBC.jpg
1,3,1,-2,0,-2,01279NBC.jpg
1,3,2,-2,0,-2,01280NBC.jpg
0,2,2,1,-2,-2,01281NBC.jpg
0,3,1,1,-2,-2,01282NBC.jpg
3,-2,1,-2,0,2,01283NBC.jpg
3,-2,0,-2,0,2,01284NBC.jpg
2,2,1,1,1,-2,01285NBC.jpg
2,3,2,1,1,-2,01286NBC.jpg
0,2,2,1,-2,-2,01287NBC.jpg
0,3,2,1,-2,-2,01288NBC.jpg
1,1,1,-2,1,-2,01289NBC.jpg
1,1,0,-2,1,-2,01290NBC.jpg
0,1,1,2,-2,-2,01291NBC.jpg
0,1,0,2,-2,-2,01292NBC.jpg
3,-2,1,-2,2,2,01293NBC.jpg
3,-2,0,-2,2,2,01294NBC.jpg
2,1,0,2,1,-2,01295NBC.jpg
2,1,0,2,1,-2,01296NBC.jpg
0,1,1,1,-2,-2,01297NBC.jpg
0,1,0,1,-2,-2,01298NBC.jpg
1,1,0,-2,0,-2,01299NBC.jpg
1,1,0,-2,0,-2,01300NBC.jpg
0,1,1,1,-2,-2,01301NBC.jpg
0,1,0,1,-2,-2,01302NBC.jpg
3,-2,1,-2,2,2,01303NBC.jpg
3,-2,0,-2,2,2,01304NBC.jpg
2,1,0,2,1,-2,01305NBC.jpg
2,1,0,1,1,-2,01306NBC.jpg
0,1,1,2,-2,-2,01307NBC.jpg
0,1,0,2,-2,-2,01308NBC.jpg
1,3,2,-2,1,-2,01309NBC.jpg
0,3,1,0,-2,-2,01310NBC.jpg
3,-2,0,-2,0,0,01311NBC.jpg
2,2,1,1,1,-2,01312NBC.jpg
0,3,2,0,-2,-2,01313NBC.jpg
1,3,2,-2,1,-2,01314NBC.jpg
0,2,2,0,-2,-2,01315NBC.jpg
3,-2,0,-2,0,0,01316NBC.jpg
2,2,1,1,1,-2,01317NBC.jpg
0,2,1,0,-2,-2,01318NBC.jpg
1,2,1,-2,1,-2,01319NBC.jpg
1,3,1,-2,1,-2,01320NBC.jpg
0,1,0,1,-2,-2,01321NBC.jpg
0,2,1,1,-2,-2,01322NBC.jpg
3,-2,1,-2,1,1,01323NBC.jpg
3,-2,1,-2,1,1,01324NBC.jpg
2,2,0,1,2,-2,01325NBC.jpg
2,2,1,2,2,-2,01326NBC.jpg
0,1,2,1,-2,-2,01327NBC.jpg
0,2,1,1,-2,-2,01328NBC.jpg
1,1,1,-2,1,-2,01329NBC.jpg
1,2,1,-2,1,-2,01330NBC.jpg
0,1,2,2,-2,-2,01331NBC.jpg
0,2,0,0,-2,-2,01332NBC.jpg
3,-2,1,-2,1,1,01333NBC.jpg
3,-2,0,-2,0,2,01334NBC.jpg
2,1,0,0,2,-2,01335NBC.jpg
2,2,1,1,2,-2,01336NBC.jpg
0,1,0,0,-2,-2,01337NBC.jpg
0,2,0,0,-2,-2,01338NBC.jpg
1,1,1,-2,0,-2,01339NBC.jpg
1,2,2,-2,0,-2,01340NBC.jpg
0,1,1,0,-2,-2,01341NBC.jpg
0,2,2,0,-2,-2,01342NBC.jpg
3,-2,1,-2,0,2,01343NBC.jpg
3,-2,2,-2,0,1,01344NBC.jpg
2,1,0,1,1,-2,01345NBC.jpg
2,2,2,1,1,-2,01346NBC.jpg
0,1,0,1,-2,-2,01347NBC.jpg
0,2,1,1,-2,-2,01348NBC.jpg
1,1,1,-2,0,-2,01349NBC.jpg
1,2,2,-2,0,-2,01350NBC.jpg
0,1,0,1,-2,-2,01351NBC.jpg
0,2,1,1,-2,-2,01352NBC.jpg
3,-2,1,-2,0,2,01353NBC.jpg
3,-2,2,-2,0,1,01354NBC.jpg
2,1,0,1,1,-2,01355NBC.jpg
2,2,2,1,1,-2,01356NBC.jpg
0,1,1,0,-2,-2,01357NBC.jpg
0,2,2,0,-2,-2,01358NBC.jpg
1,2,2,-2,0,-2,01359NBC.jpg
1,2,2,-2,0,-2,01360NBC.jpg
0,2,1,3,-2,-2,01361NBC.jpg
0,2,2,3,-2,-2,01362NBC.jpg
3,-2,1,-2,1,3,01363NBC.jpg
3,-2,1,-2,1,3,01364NBC.jpg
2,3,1,3,1,-2,01365NBC.jpg
2,2,1,3,1,-2,01366NBC.jpg
0,2,1,3,-2,-2,01367NBC.jpg
0,2,1,3,-2,-2,01368NBC.jpg
1,2,2,-2,0,-2,01369NBC.jpg
1,2,2,-2,0,-2,01370NBC.jpg
0,2,0,3,-2,-2,01371NBC.jpg
0,2,0,3,-2,-2,01372NBC.jpg
3,-2,1,-2,1,3,01373NBC.jpg
3,-2,0,-2,1,3,01374NBC.jpg
2,2,1,3,1,-2,01375NBC.jpg
2,2,1,3,1,-2,01376NBC.jpg
0,2,0,3,-2,-2,01377NBC.jpg
0,1,1,3,-2,-2,01378NBC.jpg
1,3,1,-2,0,-2,01379NBC.jpg
1,3,1,-2,0,-2,01380NBC.jpg
0,2,1,2,-2,-2,01381NBC.jpg
0,3,1,2,-2,-2,01382NBC.jpg
3,-2,1,-2,0,2,01383NBC.jpg
3,-2,0,-2,0,2,01384NBC.jpg
2,2,2,1,1,-2,01385NBC.jpg
2,3,1,1,1,-2,01386NBC.jpg
0,2,1,1,-2,-2,01387NBC.jpg
0,3,1,1,-2,-2,01388NBC.jpg
1,3,1,-2,0,-2,01389NBC.jpg
1,3,1,-2,0,-2,01390NBC.jpg
0,2,1,2,-2,-2,01391NBC.jpg
0,3,1,2,-2,-2,01392NBC.jpg
3,-2,1,-2,0,2,01393NBC.jpg
3,-2,0,-2,0,2,01394NBC.jpg
2,2,2,1,1,-2,01395NBC.jpg
2,2,1,1,1,-2,01396NBC.jpg
0,2,1,1,-2,-2,01397NBC.jpg
0,3,1,1,-2,-2,01398NBC.jpg
1,2,1,-2,1,-2,01399NBC.jpg
1,1,1,-2,1,-2,01400NBC.jpg
0,2,1,0,-2,-2,01401NBC.jpg
0,1,1,0,-2,-2,01402NBC.jpg
3,-2,0,-2,1,2,01403NBC.jpg
3,-2,0,-2,1,3,01404NBC.jpg
2,2,1,0,1,-2,01405NBC.jpg
2,1,1,0,1,-2,01406NBC.jpg
0,2,1,0,-2,-2,01407NBC.jpg
0,1,2,0,-2,-2,01408NBC.jpg
1,1,1,-2,1,-2,01409NBC.jpg
1,1,1,-2,1,-2,01410NBC.jpg
0,2,1,0,-2,-2,01411NBC.jpg
0,1,2,0,-2,-2,01412NBC.jpg
3,-2,0,-2,1,2,01413NBC.jpg
3,-2,0,-2,1,3,01414NBC.jpg
2,2,1,0,1,-2,01415NBC.jpg
2,1,1,0,1,-2,01416NBC.jpg
0,2,1,0,-2,-2,01417NBC.jpg
0,1,1,0,-2,-2,01418NBC.jpg
1,2,1,-2,0,-2,01419NBC.jpg
1,2,1,-2,0,-2,01420NBC.jpg
0,2,1,3,-2,-2,01421NBC.jpg
0,2,1,3,-2,-2,01422NBC.jpg
3,-2,1,-2,1,2,01423NBC.jpg
3,-2,1,-2,1,1,01424NBC.jpg
2,2,1,3,2,-2,01425NBC.jpg
2,2,1,3,2,-2,01426NBC.jpg
0,2,1,2,-2,-2,01427NBC.jpg
0,2,1,2,-2,-2,01428NBC.jpg
1,1,1,-2,0,-2,01429NBC.jpg
1,2,1,-2,0,-2,01430NBC.jpg
0,1,1,2,-2,-2,01431NBC.jpg
0,2,1,2,-2,-2,01432NBC.jpg
3,-2,1,-2,1,2,01433NBC.jpg
3,-2,1,-2,1,1,01434NBC.jpg
2,1,1,3,1,-2,01435NBC.jpg
2,1,1,3,1,-2,01436NBC.jpg
0,2,1,3,-2,-2,01437NBC.jpg
0,2,1,3,-2,-2,01438NBC.jpg
1,2,2,-2,0,-2,01439NBC.jpg
1,2,2,-2,0,-2,01440NBC.jpg
0,2,3,1,-2,-2,01441NBC.jpg
0,2,4,1,-2,-2,01442NBC.jpg
3,-2,2,-2,0,2,01443NBC.jpg
3,-2,3,-2,0,2,01444NBC.jpg
2,2,3,1,0,-2,01445NBC.jpg
2,2,3,1,0,-2,01446NBC.jpg
0,2,3,1,-2,-2,01447NBC.jpg
0,2,4,1,-2,-2,01448NBC.jpg
1,2,2,-2,0,-2,01449NBC.jpg
1,2,2,-2,0,-2,01450NBC.jpg
0,2,3,1,-2,-2,01451NBC.jpg
0,2,4,1,-2,-2,01452NBC.jpg
3,-2,2,-2,0,2,01453NBC.jpg
3,-2,3,-2,0,2,01454NBC.jpg
2,2,3,1,0,-2,01455NBC.jpg
2,2,3,1,0,-2,01456NBC.jpg
0,2,3,1,-2,-2,01457NBC.jpg
0,2,4,1,-2,-2,01458NBC.jpg
1,3,1,-2,1,-2,01459NBC.jpg
1,2,1,-2,0,-2,01460NBC.jpg
0,3,1,1,-2,-2,01461NBC.jpg
0,2,2,1,-2,-2,01462NBC.jpg
3,-2,1,-2,2,1,01463NBC.jpg
3,-2,2,-2,1,1,01464NBC.jpg
2,3,0,1,2,-2,01465NBC.jpg
2,2,1,1,1,-2,01466NBC.jpg
0,3,1,1,-2,-2,01467NBC.jpg
0,2,2,1,-2,-2,01468NBC.jpg
1,2,1,-2,0,-2,01469NBC.jpg
1,2,1,-2,0,-2,01470NBC.jpg
0,3,1,1,-2,-2,01471NBC.jpg
0,2,2,1,-2,-2,01472NBC.jpg
3,-2,1,-2,1,1,01473NBC.jpg
3,-2,2,-2,1,1,01474NBC.jpg
2,3,0,1,1,-2,01475NBC.jpg
2,2,1,1,1,-2,01476NBC.jpg
0,3,1,1,-2,-2,01477NBC.jpg
0,2,2,1,-2,-2,01478NBC.jpg
1,2,1,-2,0,-2,01479NBC.jpg
1,2,1,-2,0,-2,01480NBC.jpg
0,2,2,1,-2,-2,01481NBC.jpg
0,3,2,1,-2,-2,01482NBC.jpg
3,-2,1,-2,1,2,01483NBC.jpg
3,-2,2,-2,1,3,01484NBC.jpg
2,2,2,0,0,-2,01485NBC.jpg
2,3,1,0,1,-2,01486NBC.jpg
0,2,2,0,-2,-2,01487NBC.jpg
0,3,2,0,-2,-2,01488NBC.jpg
1,1,1,-2,0,-2,01489NBC.jpg
1,1,1,-2,0,-2,01490NBC.jpg
0,1,1,0,-2,-2,01491NBC.jpg
0,1,2,0,-2,-2,01492NBC.jpg
3,-2,1,-2,0,2,01493NBC.jpg
3,-2,2,-2,1,3,01494NBC.jpg
2,1,2,0,0,-2,01495NBC.jpg
2,1,1,0,1,-2,01496NBC.jpg
0,1,2,1,-2,-2,01497NBC.jpg
0,1,1,1,-2,-2,01498NBC.jpg
1,1,0,-2,1,-2,01499NBC.jpg
1,2,1,-2,1,-2,01500NBC.jpg
0,1,0,1,-2,-2,01501NBC.jpg
0,2,0,1,-2,-2,01502NBC.jpg
3,-2,0,-2,1,3,01503NBC.jpg
3,-2,0,-2,0,3,01504NBC.jpg
2,2,0,1,1,-2,01505NBC.jpg
2,1,0,1,1,-2,01506NBC.jpg
0,1,1,1,-2,-2,01507NBC.jpg
0,2,0,1,-2,-2,01508NBC.jpg
1,1,0,-2,1,-2,01509NBC.jpg
1,2,1,-2,1,-2,01510NBC.jpg
0,1,0,1,-2,-2,01511NBC.jpg
0,2,0,1,-2,-2,01512NBC.jpg
3,-2,0,-2,1,3,01513NBC.jpg
3,-2,0,-2,0,3,01514NBC.jpg
2,2,0,1,1,-2,01515NBC.jpg
2,2,0,1,1,-2,01516NBC.jpg
0,1,1,1,-2,-2,01517NBC.jpg
0,2,0,1,-2,-2,01518NBC.jpg
1,2,2,-2,0,-2,01519NBC.jpg
1,1,2,-2,1,-2,01520NBC.jpg
0,1,1,1,-2,-2,01521NBC.jpg
0,1,0,1,-2,-2,01522NBC.jpg
3,-2,0,-2,1,1,01523NBC.jpg
3,-2,0,-2,1,1,01524NBC.jpg
2,2,0,1,2,-2,01525NBC.jpg
2,2,0,1,1,-2,01526NBC.jpg
0,1,0,2,-2,-2,01527NBC.jpg
0,1,0,2,-2,-2,01528NBC.jpg
1,2,2,-2,0,-2,01529NBC.jpg
1,1,2,-2,1,-2,01530NBC.jpg
0,1,1,1,-2,-2,01531NBC.jpg
0,1,0,1,-2,-2,01532NBC.jpg
3,-2,0,-2,1,1,01533NBC.jpg
3,-2,0,-2,1,1,01534NBC.jpg
2,2,0,1,2,-2,01535NBC.jpg
2,2,0,1,1,-2,01536NBC.jpg
0,1,0,2,-2,-2,01537NBC.jpg
0,1,0,2,-2,-2,01538NBC.jpg
1,2,0,-2,2,-2,01539NBC.jpg
1,2,0,-2,2,-2,01540NBC.jpg
0,1,0,1,-2,-2,01541NBC.jpg
0,1,0,1,-2,-2,01542NBC.jpg
3,-2,0,-2,0,3,01543NBC.jpg
3,-2,0,-2,0,2,01544NBC.jpg
2,2,1,2,1,-2,01545NBC.jpg
2,2,0,2,1,-2,01546NBC.jpg
0,2,0,2,-2,-2,01547NBC.jpg
0,1,0,2,-2,-2,01548NBC.jpg
1,2,0,-2,2,-2,01549NBC.jpg
1,2,0,-2,2,-2,01550NBC.jpg
0,2,0,2,-2,-2,01551NBC.jpg
0,1,0,2,-2,-2,01552NBC.jpg
3,-2,0,-2,0,3,01553NBC.jpg
3,-2,0,-2,0,2,01554NBC.jpg
2,2,1,2,1,-2,01555NBC.jpg
2,2,0,2,1,-2,01556NBC.jpg
0,1,0,1,-2,-2,01557NBC.jpg
0,1,0,1,-2,-2,01558NBC.jpg
1,2,2,-2,0,-2,01559NBC.jpg
1,2,1,-2,0,-2,01560NBC.jpg
0,1,0,2,-2,-2,01561NBC.jpg
0,1,1,2,-2,-2,01562NBC.jpg
3,-2,1,-2,1,2,01563NBC.jpg
3,-2,1,-2,0,3,01564NBC.jpg
2,1,0,2,0,-2,01565NBC.jpg
2,1,0,2,0,-2,01566NBC.jpg
0,1,1,2,-2,-2,01567NBC.jpg
0,1,1,2,-2,-2,01568NBC.jpg
1,2,2,-2,0,-2,01569NBC.jpg
1,2,1,-2,0,-2,01570NBC.jpg
0,1,0,2,-2,-2,01571NBC.jpg
0,1,1,2,-2,-2,01572NBC.jpg
3,-2,1,-2,1,2,01573NBC.jpg
3,-2,1,-2,0,3,01574NBC.jpg
2,1,0,2,0,-2,01575NBC.jpg
2,1,0,2,0,-2,01576NBC.jpg
0,1,1,2,-2,-2,01577NBC.jpg
0,1,1,2,-2,-2,01578NBC.jpg
1,2,1,-2,0,-2,01579NBC.jpg
1,3,1,-2,0,-2,01580NBC.jpg
0,2,1,0,-2,-2,01581NBC.jpg
0,2,2,0,-2,-2,01582NBC.jpg
3,-2,1,-2,1,1,01583NBC.jpg
3,-2,2,-2,1,1,01584NBC.jpg
2,2,1,0,0,-2,01585NBC.jpg
2,2,1,0,1,-2,01586NBC.jpg
0,2,2,0,-2,-2,01587NBC.jpg
0,2,2,0,-2,-2,01588NBC.jpg
1,2,1,-2,0,-2,01589NBC.jpg
1,3,1,-2,0,-2,01590NBC.jpg
0,2,1,0,-2,-2,01591NBC.jpg
0,2,2,0,-2,-2,01592NBC.jpg
3,-2,1,-2,1,1,01593NBC.jpg
3,-2,2,-2,1,1,01594NBC.jpg
2,2,1,0,0,-2,01595NBC.jpg
2,2,1,0,1,-2,01596NBC.jpg
0,2,2,0,-2,-2,01597NBC.jpg
0,2,2,0,-2,-2,01598NBC.jpg
1,2,0,-2,0,-2,01599NBC.jpg
1,2,1,-2,0,-2,01600NBC.jpg
0,2,1,0,-2,-2,01601NBC.jpg
0,3,1,0,-2,-2,01602NBC.jpg
3,-2,0,-2,0,1,01603NBC.jpg
3,-2,0,-2,0,0,01604NBC.jpg
2,1,0,0,0,-2,01605NBC.jpg
2,2,0,0,0,-2,01606NBC.jpg
0,2,1,0,-2,-2,01607NBC.jpg
0,3,1,0,-2,-2,01608NBC.jpg
1,2,0,-2,0,-2,01609NBC.jpg
1,2,1,-2,0,-2,01610NBC.jpg
0,2,1,0,-2,-2,01611NBC.jpg
0,3,1,0,-2,-2,01612NBC.jpg
3,-2,0,-2,0,1,01613NBC.jpg
3,-2,0,-2,0,0,01614NBC.jpg
2,1,0,0,0,-2,01615NBC.jpg
2,2,0,0,0,-2,01616NBC.jpg
0,2,1,0,-2,-2,01617NBC.jpg
0,3,1,0,-2,-2,01618NBC.jpg
1,2,1,-2,1,-2,01619NBC.jpg
1,2,1,-2,1,-2,01620NBC.jpg
0,1,0,2,-2,-2,01621NBC.jpg
0,1,0,1,-2,-2,01622NBC.jpg
3,-2,0,-2,0,3,01623NBC.jpg
3,-2,0,-2,0,2,01624NBC.jpg
2,1,0,2,0,-2,01625NBC.jpg
2,2,0,2,1,-2,01626NBC.jpg
0,1,0,1,-2,-2,01627NBC.jpg
0,1,0,1,-2,-2,01628NBC.jpg
1,2,1,-2,1,-2,01629NBC.jpg
1,2,1,-2,1,-2,01630NBC.jpg
0,1,0,1,-2,-2,01631NBC.jpg
0,1,0,1,-2,-2,01632NBC.jpg
3,-2,0,-2,0,3,01633NBC.jpg
3,-2,0,-2,0,2,01634NBC.jpg
2,1,0,2,0,-2,01635NBC.jpg
2,2,0,2,1,-2,01636NBC.jpg
0,1,0,2,-2,-2,01637NBC.jpg
0,1,0,1,-2,-2,01638NBC.jpg
1,2,1,-2,0,-2,01639NBC.jpg
1,2,2,-2,0,-2,01640NBC.jpg
0,1,1,1,-2,-2,01641NBC.jpg
0,1,2,0,-2,-2,01642NBC.jpg
3,-2,1,-2,0,2,01643NBC.jpg
3,-2,1,-2,0,1,01644NBC.jpg
2,1,1,1,1,-2,01645NBC.jpg
2,2,2,1,2,-2,01646NBC.jpg
0,1,1,1,-2,-2,01647NBC.jpg
0,1,2,1,-2,-2,01648NBC.jpg
1,2,1,-2,0,-2,01649NBC.jpg
1,2,2,-2,0,-2,01650NBC.jpg
0,1,1,1,-2,-2,01651NBC.jpg
0,1,2,0,-2,-2,01652NBC.jpg
3,-2,1,-2,0,2,01653NBC.jpg
3,-2,1,-2,0,1,01654NBC.jpg
2,1,1,1,1,-2,01655NBC.jpg
2,2,2,1,2,-2,01656NBC.jpg
0,1,1,1,-2,-2,01657NBC.jpg
0,1,2,1,-2,-2,01658NBC.jpg
1,2,1,-2,0,-2,01659NBC.jpg
1,2,1,-2,0,-2,01660NBC.jpg
0,2,1,0,-2,-2,01661NBC.jpg
0,1,1,0,-2,-2,01662NBC.jpg
3,-2,0,-2,0,2,01663NBC.jpg
3,-2,0,-2,0,2,01664NBC.jpg
2,2,1,0,0,-2,01665NBC.jpg
2,2,1,0,0,-2,01666NBC.jpg
0,2,1,0,-2,-2,01667NBC.jpg
0,1,1,0,-2,-2,01668NBC.jpg
1,2,1,-2,0,-2,01669NBC.jpg
1,2,1,-2,0,-2,01670NBC.jpg
0,2,1,0,-2,-2,01671NBC.jpg
0,1,1,0,-2,-2,01672NBC.jpg
3,-2,0,-2,0,2,01673NBC.jpg
3,-2,0,-2,0,2,01674NBC.jpg
2,2,1,0,0,-2,01675NBC.jpg
2,2,1,0,0,-2,01676NBC.jpg
0,2,1,0,-2,-2,01677NBC.jpg
0,1,1,0,-2,-2,01678NBC.jpg
1,2,1,-2,0,-2,01679NBC.jpg
1,2,1,-2,0,-2,01680NBC.jpg
0,2,1,2,-2,-2,01681NBC.jpg
0,2,1,2,-2,-2,01682NBC.jpg
3,-2,1,-2,0,3,01683NBC.jpg
3,-2,0,-2,0,3,01684NBC.jpg
2,2,0,2,2,-2,01685NBC.jpg
2,2,0,2,2,-2,01686NBC.jpg
0,2,2,1,-2,-2,01687NBC.jpg
0,2,1,1,-2,-2,01688NBC.jpg
1,2,1,-2,0,-2,01689NBC.jpg
1,2,1,-2,0,-2,01690NBC.jpg
0,2,1,2,-2,-2,01691NBC.jpg
0,2,1,2,-2,-2,01692NBC.jpg
3,-2,1,-2,0,3,01693NBC.jpg
3,-2,0,-2,0,3,01694NBC.jpg
2,2,0,2,2,-2,01695NBC.jpg
2,2,0,2,2,-2,01696NBC.jpg
0,2,2,1,-2,-2,01697NBC.jpg
0,2,1,1,-2,-2,01698NBC.jpg
1,2,1,-2,0,-2,01699NBC.jpg
1,1,1,-2,0,-2,01700NBC.jpg
0,2,1,1,-2,-2,01701NBC.jpg
0,1,0,1,-2,-2,01702NBC.jpg
3,-2,1,-2,0,0,01703NBC.jpg
3,-2,1,-2,0,0,01704NBC.jpg
2,2,1,1,0,-2,01705NBC.jpg
2,2,1,1,0,-2,01706NBC.jpg
0,2,0,1,-2,-2,01707NBC.jpg
0,1,1,1,-2,-2,01708NBC.jpg
1,2,1,-2,0,-2,01709NBC.jpg
1,1,1,-2,0,-2,01710NBC.jpg
0,2,1,1,-2,-2,01711NBC.jpg
0,1,0,1,-2,-2,01712NBC.jpg
3,-2,1,-2,0,1,01713NBC.jpg
3,-2,1,-2,0,0,01714NBC.jpg
2,2,1,1,0,-2,01715NBC.jpg
2,2,1,1,0,-2,01716NBC.jpg
0,2,0,1,-2,-2,01717NBC.jpg
0,1,1,1,-2,-2,01718NBC.jpg
1,1,0,-2,2,-2,01719NBC.jpg
1,2,1,-2,2,-2,01720NBC.jpg
0,2,0,2,-2,-2,01721NBC.jpg
0,1,0,2,-2,-2,01722NBC.jpg
3,-2,0,-2,2,2,01723NBC.jpg
3,-2,0,-2,2,1,01724NBC.jpg
2,1,0,1,3,-2,01725NBC.jpg
2,2,0,1,3,-2,01726NBC.jpg
0,1,0,1,-2,-2,01727NBC.jpg
0,1,0,1,-2,-2,01728NBC.jpg
1,1,0,-2,2,-2,01729NBC.jpg
1,2,1,-2,2,-2,01730NBC.jpg
0,1,0,1,-2,-2,01731NBC.jpg
0,1,0,1,-2,-2,01732NBC.jpg
3,-2,0,-2,2,2,01733NBC.jpg
3,-2,0,-2,2,1,01734NBC.jpg
2,1,0,1,3,-2,01735NBC.jpg
2,2,0,1,3,-2,01736NBC.jpg
0,2,0,2,-2,-2,01737NBC.jpg
0,1,0,2,-2,-2,01738NBC.jpg
1,1,0,-2,1,-2,01739NBC.jpg
1,2,1,-2,0,-2,01740NBC.jpg
0,1,0,0,-2,-2,01741NBC.jpg
0,1,0,0,-2,-2,01742NBC.jpg
3,-2,0,-2,0,4,01743NBC.jpg
3,-2,0,-2,0,4,01744NBC.jpg
2,1,0,0,0,-2,01745NBC.jpg
2,2,0,0,0,-2,01746NBC.jpg
0,1,0,0,-2,-2,01747NBC.jpg
0,1,0,0,-2,-2,01748NBC.jpg
1,1,0,-2,1,-2,01749NBC.jpg
1,2,1,-2,0,-2,01750NBC.jpg
0,1,0,0,-2,-2,01751NBC.jpg
0,1,0,0,-2,-2,01752NBC.jpg
3,-2,0,-2,0,4,01753NBC.jpg
3,-2,0,-2,0,4,01754NBC.jpg
2,1,0,0,0,-2,01755NBC.jpg
2,2,0,0,0,-2,01756NBC.jpg
0,1,0,0,-2,-2,01757NBC.jpg
0,1,0,0,-2,-2,01758NBC.jpg
1,1,0,-2,0,-2,01759NBC.jpg
1,2,1,-2,0,-2,01760NBC.jpg
0,2,0,1,-2,-2,01761NBC.jpg
0,3,0,1,-2,-2,01762NBC.jpg
3,-2,0,-2,0,1,01763NBC.jpg
3,-2,0,-2,1,1,01764NBC.jpg
2,2,1,1,1,-2,01765NBC.jpg
2,3,1,1,1,-2,01766NBC.jpg
0,1,1,1,-2,-2,01767NBC.jpg
0,3,1,1,-2,-2,01768NBC.jpg
1,1,0,-2,0,-2,01769NBC.jpg
1,2,1,-2,0,-2,01770NBC.jpg
0,2,0,1,-2,-2,01771NBC.jpg
0,3,0,1,-2,-2,01772NBC.jpg
3,-2,0,-2,0,1,01773NBC.jpg
3,-2,0,-2,1,1,01774NBC.jpg
2,2,1,1,1,-2,01775NBC.jpg
2,3,1,1,1,-2,01776NBC.jpg
0,1,1,1,-2,-2,01777NBC.jpg
0,3,1,1,-2,-2,01778NBC.jpg
1,2,1,-2,0,-2,01779NBC.jpg
1,2,1,-2,0,-2,01780NBC.jpg
0,2,1,0,-2,-2,01781NBC.jpg
0,2,1,0,-2,-2,01782NBC.jpg
3,-2,1,-2,0,2,01783NBC.jpg
3,-2,1,-2,0,3,01784NBC.jpg
2,2,1,1,0,-2,01785NBC.jpg
2,2,1,1,0,-2,01786NBC.jpg
0,2,0,1,-2,-2,01787NBC.jpg
0,2,0,1,-2,-2,01788NBC.jpg
1,2,1,-2,0,-2,01789NBC.jpg
1,2,1,-2,0,-2,01790NBC.jpg
0,2,1,0,-2,-2,01791NBC.jpg
0,2,1,0,-2,-2,01792NBC.jpg
3,-2,1,-2,0,2,01793NBC.jpg
3,-2,1,-2,0,3,01794NBC.jpg
2,2,1,1,0,-2,01795NBC.jpg
2,2,1,1,0,-2,01796NBC.jpg
0,2,0,1,-2,-2,01797NBC.jpg
0,2,0,1,-2,-2,01798NBC.jpg
1,2,0,-2,1,-2,01799NBC.jpg
1,2,0,-2,1,-2,01800NBC.jpg
0,2,0,0,-2,-2,01801NBC.jpg
0,2,0,0,-2,-2,01802NBC.jpg
3,-2,0,-2,2,2,01803NBC.jpg
3,-2,0,-2,2,1,01804NBC.jpg
2,2,1,0,2,-2,01805NBC.jpg
2,2,1,0,2,-2,01806NBC.jpg
0,2,0,0,-2,-2,01807NBC.jpg
0,2,1,0,-2,-2,01808NBC.jpg
1,2,0,-2,1,-2,01809NBC.jpg
1,2,0,-2,1,-2,01810NBC.jpg
0,2,0,0,-2,-2,01811NBC.jpg
0,2,0,0,-2,-2,01812NBC.jpg
3,-2,0,-2,2,2,01813NBC.jpg
3,-2,0,-2,2,1,01814NBC.jpg
2,2,1,0,2,-2,01815NBC.jpg
2,2,0,0,2,-2,01816NBC.jpg
0,2,0,0,-2,-2,01817NBC.jpg
0,1,0,0,-2,-2,01818NBC.jpg
1,2,1,-2,0,-2,01819NBC.jpg
1,3,1,-2,0,-2,01820NBC.jpg
0,1,0,3,-2,-2,01821NBC.jpg
0,1,0,3,-2,-2,01822NBC.jpg
3,-2,0,-2,0,2,01823NBC.jpg
3,-2,0,-2,0,2,01824NBC.jpg
2,2,0,3,0,-2,01825NBC.jpg
2,2,1,3,1,-2,01826NBC.jpg
0,2,1,2,-2,-2,01827NBC.jpg
0,2,1,2,-2,-2,01828NBC.jpg
1,2,1,-2,0,-2,01829NBC.jpg
1,3,1,-2,0,-2,01830NBC.jpg
0,1,0,3,-2,-2,01831NBC.jpg
0,1,0,3,-2,-2,01832NBC.jpg
3,-2,0,-2,0,2,01833NBC.jpg
3,-2,0,-2,0,2,01834NBC.jpg
2,2,0,3,0,-2,01835NBC.jpg
2,2,1,3,1,-2,01836NBC.jpg
0,2,1,3,-2,-2,01837NBC.jpg
0,2,1,3,-2,-2,01838NBC.jpg
1,1,0,-2,2,-2,01839NBC.jpg
1,1,0,-2,2,-2,01840NBC.jpg
0,1,1,1,-2,-2,01841NBC.jpg
0,1,1,1,-2,-2,01842NBC.jpg
3,-2,1,-2,1,0,01843NBC.jpg
3,-2,1,-2,2,0,01844NBC.jpg
2,1,1,1,2,-2,01845NBC.jpg
2,1,1,1,2,-2,01846NBC.jpg
0,1,1,1,-2,-2,01847NBC.jpg
0,1,1,1,-2,-2,01848NBC.jpg
1,1,0,-2,2,-2,01849NBC.jpg
1,1,0,-2,2,-2,01850NBC.jpg
0,1,1,1,-2,-2,01851NBC.jpg
0,1,1,1,-2,-2,01852NBC.jpg
3,-2,1,-2,1,0,01853NBC.jpg
3,-2,1,-2,2,0,01854NBC.jpg
2,1,1,1,2,-2,01855NBC.jpg
2,1,1,1,2,-2,01856NBC.jpg
0,1,1,1,-2,-2,01857NBC.jpg
0,1,1,1,-2,-2,01858NBC.jpg
1,2,0,-2,1,-2,01859NBC.jpg
1,2,0,-2,1,-2,01860NBC.jpg
0,2,2,0,-2,-2,01861NBC.jpg
0,2,2,0,-2,-2,01862NBC.jpg
3,-2,0,-2,1,1,01863NBC.jpg
3,-2,0,-2,1,3,01864NBC.jpg
2,2,1,0,1,-2,01865NBC.jpg
2,2,1,0,1,-2,01866NBC.jpg
0,2,2,0,-2,-2,01867NBC.jpg
0,2,1,0,-2,-2,01868NBC.jpg
1,2,0,-2,1,-2,01869NBC.jpg
1,2,0,-2,1,-2,01870NBC.jpg
0,1,0,0,-2,-2,01871NBC.jpg
0,2,0,0,-2,-2,01872NBC.jpg
3,-2,0,-2,1,1,01873NBC.jpg
3,-2,0,-2,1,3,01874NBC.jpg
2,1,0,0,1,-2,01875NBC.jpg
2,2,1,0,1,-2,01876NBC.jpg
0,1,1,0,-2,-2,01877NBC.jpg
0,2,1,0,-2,-2,01878NBC.jpg
1,1,0,-2,0,-2,01879NBC.jpg
1,1,0,-2,0,-2,01880NBC.jpg
0,1,0,1,-2,-2,01881NBC.jpg
0,1,0,1,-2,-2,01882NBC.jpg
3,-2,0,-2,1,3,01883NBC.jpg
3,-2,0,-2,1,3,01884NBC.jpg
2,1,0,1,2,-2,01885NBC.jpg
2,1,1,1,1,-2,01886NBC.jpg
0,1,1,1,-2,-2,01887NBC.jpg
0,1,1,1,-2,-2,01888NBC.jpg
1,1,0,-2,0,-2,01889NBC.jpg
1,1,0,-2,0,-2,01890NBC.jpg
0,1,1,1,-2,-2,01891NBC.jpg
0,1,1,1,-2,-2,01892NBC.jpg
3,-2,0,-2,1,3,01893NBC.jpg
3,-2,0,-2,1,3,01894NBC.jpg
2,1,0,1,2,-2,01895NBC.jpg
2,1,1,1,1,-2,01896NBC.jpg
0,1,0,1,-2,-2,01897NBC.jpg
0,1,0,1,-2,-2,01898NBC.jpg
1,4,0,-2,1,-2,01899NBC.jpg
1,3,0,-2,1,-2,01900NBC.jpg
0,3,0,1,-2,-2,01901NBC.jpg
0,2,0,1,-2,-2,01902NBC.jpg
3,-2,0,-2,1,3,01903NBC.jpg
3,-2,0,-2,1,3,01904NBC.jpg
2,3,1,0,3,-2,01905NBC.jpg
2,3,1,0,3,-2,01906NBC.jpg
0,2,1,0,-2,-2,01907NBC.jpg
0,2,0,0,-2,-2,01908NBC.jpg
1,3,0,-2,1,-2,01909NBC.jpg
1,3,0,-2,1,-2,01910NBC.jpg
0,2,0,1,-2,-2,01911NBC.jpg
0,2,0,1,-2,-2,01912NBC.jpg
3,-2,0,-2,1,3,01913NBC.jpg
3,-2,0,-2,1,3,01914NBC.jpg
2,2,1,0,3,-2,01915NBC.jpg
2,2,1,0,3,-2,01916NBC.jpg
0,2,1,0,-2,-2,01917NBC.jpg
0,2,0,0,-2,-2,01918NBC.jpg
1,1,1,-2,1,-2,01919NBC.jpg
1,2,1,-2,1,-2,01920NBC.jpg
0,2,0,4,-2,-2,01921NBC.jpg
0,2,0,4,-2,-2,01922NBC.jpg
3,-2,0,-2,0,2,01923NBC.jpg
3,-2,0,-2,0,2,01924NBC.jpg
2,1,0,2,2,-2,01925NBC.jpg
2,2,1,4,2,-2,01926NBC.jpg
0,2,0,3,-2,-2,01927NBC.jpg
0,2,1,4,-2,-2,01928NBC.jpg
1,2,1,-2,1,-2,01929NBC.jpg
1,2,1,-2,-1,-2,01930NBC.jpg
0,2,0,4,-2,-2,01931NBC.jpg
0,2,0,4,-2,-2,01932NBC.jpg
3,-2,0,-2,0,1,01933NBC.jpg
3,-2,0,-2,0,2,01934NBC.jpg
2,2,0,2,2,-2,01935NBC.jpg
2,2,1,4,2,-2,01936NBC.jpg
0,2,0,2,-2,-2,01937NBC.jpg
0,2,0,4,-2,-2,01938NBC.jpg
1,2,1,-2,0,-2,01939NBC.jpg
0,3,1,1,-2,-2,01940NBC.jpg
3,-2,0,-2,0,2,01941NBC.jpg
2,2,1,1,0,-2,01942NBC.jpg
0,2,1,0,-2,-2,01943NBC.jpg
1,2,1,-2,0,-2,01944NBC.jpg
0,2,1,0,-2,-2,01945NBC.jpg
3,-2,0,-2,0,2,01946NBC.jpg
2,2,0,0,1,-2,01947NBC.jpg
0,2,0,1,-2,-2,01948NBC.jpg
1,2,1,-2,1,-2,01949NBC.jpg
1,2,1,-2,1,-2,01950NBC.jpg
0,1,2,2,-2,-2,01951NBC.jpg
0,1,2,2,-2,-2,01952NBC.jpg
3,-2,1,-2,1,2,01953NBC.jpg
3,-2,2,-2,1,1,01954NBC.jpg
2,2,1,2,2,-2,01955NBC.jpg
2,2,2,2,2,-2,01956NBC.jpg
0,1,1,1,-2,-2,01957NBC.jpg
0,2,1,1,-2,-2,01958NBC.jpg
1,2,1,-2,1,-2,01959NBC.jpg
1,2,1,-2,0,-2,01960NBC.jpg
0,1,1,2,-2,-2,01961NBC.jpg
0,1,1,2,-2,-2,01962NBC.jpg
3,-2,1,-2,1,2,01963NBC.jpg
3,-2,2,-2,1,1,01964NBC.jpg
2,2,1,1,2,-2,01965NBC.jpg
2,2,2,1,2,-2,01966NBC.jpg
0,1,1,1,-2,-2,01967NBC.jpg
0,2,1,1,-2,-2,01968NBC.jpg
1,2,2,-2,0,-2,01969NBC.jpg
1,2,2,-2,0,-2,01970NBC.jpg
0,2,2,1,-2,-2,01971NBC.jpg
0,2,2,1,-2,-2,01972NBC.jpg
3,-2,1,-2,0,2,01973NBC.jpg
3,-2,2,-2,0,1,01974NBC.jpg
2,2,1,2,2,-2,01975NBC.jpg
2,2,1,2,2,-2,01976NBC.jpg
0,2,1,1,-2,-2,01977NBC.jpg
0,2,2,1,-2,-2,01978NBC.jpg
1,2,2,-2,0,-2,01979NBC.jpg
1,2,2,-2,0,-2,01980NBC.jpg
0,2,2,1,-2,-2,01981NBC.jpg
0,2,2,1,-2,-2,01982NBC.jpg
3,-2,1,-2,0,2,01983NBC.jpg
3,-2,2,-2,0,1,01984NBC.jpg
2,2,1,2,2,-2,01985NBC.jpg
2,2,1,2,2,-2,01986NBC.jpg
0,2,1,1,-2,-2,01987NBC.jpg
0,2,2,1,-2,-2,01988NBC.jpg
1,1,0,-2,1,-2,01989NBC.jpg
1,2,1,-2,1,-2,01990NBC.jpg
0,2,1,2,-2,-2,01991NBC.jpg
0,2,1,2,-2,-2,01992NBC.jpg
3,-2,1,-2,0,0,01993NBC.jpg
3,-2,0,-2,0,1,01994NBC.jpg
2,1,1,2,1,-2,01995NBC.jpg
2,2,1,2,1,-2,01996NBC.jpg
0,2,1,2,-2,-2,01997NBC.jpg
0,2,1,2,-2,-2,01998NBC.jpg
1,1,1,-2,1,-2,01999NBC.jpg
1,2,1,-2,1,-2,02000NBC.jpg
0,2,1,2,-2,-2,02001NBC.jpg
0,2,1,2,-2,-2,02002NBC.jpg
3,-2,1,-2,0,0,02003NBC.jpg
3,-2,0,-2,0,1,02004NBC.jpg
2,1,1,2,1,-2,02005NBC.jpg
2,2,1,2,1,-2,02006NBC.jpg
0,2,1,2,-2,-2,02007NBC.jpg
0,2,1,2,-2,-2,02008NBC.jpg
1,1,2,-2,0,-2,02009NBC.jpg
1,1,1,-2,0,-2,02010NBC.jpg
0,1,3,1,-2,-2,02011NBC.jpg
0,2,1,1,-2,-2,02012NBC.jpg
3,-2,2,-2,0,2,02013NBC.jpg
3,-2,1,-2,0,3,02014NBC.jpg
2,1,1,1,2,-2,02015NBC.jpg
2,1,1,1,2,-2,02016NBC.jpg
0,1,1,1,-2,-2,02017NBC.jpg
0,1,1,1,-2,-2,02018NBC.jpg
1,1,2,-2,0,-2,02019NBC.jpg
1,1,1,-2,0,-2,02020NBC.jpg
0,1,1,1,-2,-2,02021NBC.jpg
0,1,1,1,-2,-2,02022NBC.jpg
3,-2,2,-2,0,2,02023NBC.jpg
3,-2,1,-2,0,3,02024NBC.jpg
2,1,1,1,2,-2,02025NBC.jpg
2,1,1,1,2,-2,02026NBC.jpg
0,1,3,1,-2,-2,02027NBC.jpg
0,2,1,1,-2,-2,02028NBC.jpg
1,2,0,-2,1,-2,02029NBC.jpg
1,2,1,-2,1,-2,02030NBC.jpg
0,1,2,0,-2,-2,02031NBC.jpg
0,2,2,0,-2,-2,02032NBC.jpg
3,-2,1,-2,0,4,02033NBC.jpg
3,-2,0,-2,0,3,02034NBC.jpg
2,2,0,0,1,-2,02035NBC.jpg
2,2,1,0,1,-2,02036NBC.jpg
0,2,1,0,-2,-2,02037NBC.jpg
0,2,1,0,-2,-2,02038NBC.jpg
1,2,0,-2,1,-2,02039NBC.jpg
1,2,1,-2,1,-2,02040NBC.jpg
0,2,1,0,-2,-2,02041NBC.jpg
0,2,1,0,-2,-2,02042NBC.jpg
3,-2,1,-2,0,4,02043NBC.jpg
3,-2,0,-2,0,3,02044NBC.jpg
2,2,0,0,1,-2,02045NBC.jpg
2,2,1,0,1,-2,02046NBC.jpg
0,1,2,0,-2,-2,02047NBC.jpg
0,2,2,0,-2,-2,02048NBC.jpg
1,2,1,-2,0,-2,02049NBC.jpg
1,2,1,-2,0,-2,02050NBC.jpg
0,1,3,1,-2,-2,02051NBC.jpg
0,2,2,1,-2,-2,02052NBC.jpg
3,-2,0,-2,0,2,02053NBC.jpg
3,-2,2,-2,0,2,02054NBC.jpg
2,2,2,1,0,-2,02055NBC.jpg
2,2,2,1,1,-2,02056NBC.jpg
0,1,2,1,-2,-2,02057NBC.jpg
0,1,2,1,-2,-2,02058NBC.jpg
1,2,1,-2,0,-2,02059NBC.jpg
1,2,1,-2,0,-2,02060NBC.jpg
0,1,2,1,-2,-2,02061NBC.jpg
0,1,2,1,-2,-2,02062NBC.jpg
3,-2,0,-2,0,2,02063NBC.jpg
3,-2,2,-2,0,2,02064NBC.jpg
2,2,2,1,0,-2,02065NBC.jpg
2,2,2,1,0,-2,02066NBC.jpg
0,1,3,1,-2,-2,02067NBC.jpg
0,2,2,1,-2,-2,02068NBC.jpg
1,2,1,-2,0,-2,02069NBC.jpg
0,1,2,1,-2,-2,02070NBC.jpg
3,-2,1,-2,1,1,02071NBC.jpg
2,2,2,1,0,-2,02072NBC.jpg
0,2,2,1,-2,-2,02073NBC.jpg
1,2,1,-2,0,-2,02074NBC.jpg
0,2,2,1,-2,-2,02075NBC.jpg
3,-2,1,-2,1,1,02076NBC.jpg
2,2,2,1,0,-2,02077NBC.jpg
0,1,2,1,-2,-2,02078NBC.jpg
1,3,0,-2,1,-2,02079NBC.jpg
1,3,0,-2,1,-2,02080NBC.jpg
0,2,0,2,-2,-2,02081NBC.jpg
0,2,0,2,-2,-2,02082NBC.jpg
3,-2,0,-2,1,1,02083NBC.jpg
3,-2,0,-2,1,1,02084NBC.jpg
2,2,0,2,3,-2,02085NBC.jpg
2,2,0,2,3,-2,02086NBC.jpg
0,1,0,2,-2,-2,02087NBC.jpg
0,2,0,2,-2,-2,02088NBC.jpg
1,3,0,-2,1,-2,02089NBC.jpg
1,3,0,-2,1,-2,02090NBC.jpg
0,2,0,2,-2,-2,02091NBC.jpg
0,2,0,2,-2,-2,02092NBC.jpg
3,-2,0,-2,1,1,02093NBC.jpg
3,-2,0,-2,1,1,02094NBC.jpg
2,2,0,1,3,-2,02095NBC.jpg
2,2,0,2,3,-2,02096NBC.jpg
0,2,0,2,-2,-2,02097NBC.jpg
0,2,0,2,-2,-2,02098NBC.jpg
1,2,1,-2,1,-2,02099NBC.jpg
1,2,2,-2,1,-2,02100NBC.jpg
0,2,2,0,-2,-2,02101NBC.jpg
0,2,2,0,-2,-2,02102NBC.jpg
3,-2,0,-2,0,2,02103NBC.jpg
3,-2,1,-2,0,2,02104NBC.jpg
2,2,1,0,1,-2,02105NBC.jpg
2,2,2,0,1,-2,02106NBC.jpg
0,2,1,0,-2,-2,02107NBC.jpg
0,2,1,0,-2,-2,02108NBC.jpg
1,2,1,-2,1,-2,02109NBC.jpg
1,2,2,-2,1,-2,02110NBC.jpg
0,2,2,0,-2,-2,02111NBC.jpg
0,2,2,0,-2,-2,02112NBC.jpg
3,-2,0,-2,0,2,02113NBC.jpg
3,-2,1,-2,0,2,02114NBC.jpg
2,2,1,0,1,-2,02115NBC.jpg
2,2,2,0,1,-2,02116NBC.jpg
0,2,1,0,-2,-2,02117NBC.jpg
0,2,1,0,-2,-2,02118NBC.jpg
1,2,1,-2,1,-2,02119NBC.jpg
1,2,1,-2,1,-2,02120NBC.jpg
0,2,1,0,-2,-2,02121NBC.jpg
0,1,1,0,-2,-2,02122NBC.jpg
3,-2,1,-2,0,2,02123NBC.jpg
3,-2,1,-2,0,1,02124NBC.jpg
2,2,1,0,1,-2,02125NBC.jpg
2,1,1,0,1,-2,02126NBC.jpg
0,2,0,0,-2,-2,02127NBC.jpg
0,1,1,0,-2,-2,02128NBC.jpg
1,2,1,-2,1,-2,02129NBC.jpg
1,2,1,-2,1,-2,02130NBC.jpg
0,2,0,0,-2,-2,02131NBC.jpg
0,1,1,0,-2,-2,02132NBC.jpg
3,-2,1,-2,0,2,02133NBC.jpg
3,-2,1,-2,0,1,02134NBC.jpg
2,2,1,0,1,-2,02135NBC.jpg
2,1,1,0,1,-2,02136NBC.jpg
0,2,1,0,-2,-2,02137NBC.jpg
0,1,1,0,-2,-2,02138NBC.jpg
1,1,1,-2,0,-2,02139NBC.jpg
1,2,1,-2,0,-2,02140NBC.jpg
0,2,0,1,-2,-2,02141NBC.jpg
0,2,0,1,-2,-2,02142NBC.jpg
3,-2,0,-2,0,1,02143NBC.jpg
3,-2,0,-2,0,2,02144NBC.jpg
2,2,0,1,1,-2,02145NBC.jpg
2,3,0,1,1,-2,02146NBC.jpg
0,2,0,1,-2,-2,02147NBC.jpg
0,2,0,0,-2,-2,02148NBC.jpg
1,1,1,-2,0,-2,02149NBC.jpg
1,2,0,-2,0,-2,02150NBC.jpg
0,2,0,0,-2,-2,02151NBC.jpg
0,2,0,0,-2,-2,02152NBC.jpg
3,-2,0,-2,0,1,02153NBC.jpg
3,-2,0,-2,0,1,02154NBC.jpg
2,2,0,1,1,-2,02155NBC.jpg
2,2,0,1,1,-2,02156NBC.jpg
0,2,0,1,-2,-2,02157NBC.jpg
0,2,0,1,-2,-2,02158NBC.jpg
1,2,1,-2,0,-2,02159NBC.jpg
1,2,1,-2,1,-2,02160NBC.jpg
0,2,1,2,-2,-2,02161NBC.jpg
0,2,1,2,-2,-2,02162NBC.jpg
3,-2,1,-2,0,2,02163NBC.jpg
3,-2,0,-2,0,2,02164NBC.jpg
2,1,1,2,2,-2,02165NBC.jpg
2,2,1,2,1,-2,02166NBC.jpg
0,2,0,2,-2,-2,02167NBC.jpg
0,2,0,2,-2,-2,02168NBC.jpg
1,2,1,-2,0,-2,02169NBC.jpg
1,2,1,-2,1,-2,02170NBC.jpg
0,2,1,2,-2,-2,02171NBC.jpg
0,2,1,2,-2,-2,02172NBC.jpg
3,-2,1,-2,0,2,02173NBC.jpg
3,-2,0,-2,0,2,02174NBC.jpg
2,1,1,2,2,-2,02175NBC.jpg
2,2,1,2,1,-2,02176NBC.jpg
0,2,0,2,-2,-2,02177NBC.jpg
0,2,0,1,-2,-2,02178NBC.jpg
1,2,1,-2,0,-2,02179NBC.jpg
1,2,1,-2,0,-2,02180NBC.jpg
0,2,2,0,-2,-2,02181NBC.jpg
0,1,1,1,-2,-2,02182NBC.jpg
3,-2,0,-2,1,3,02183NBC.jpg
3,-2,0,-2,0,4,02184NBC.jpg
2,2,2,1,1,-2,02185NBC.jpg
2,2,1,1,1,-2,02186NBC.jpg
0,2,1,0,-2,-2,02187NBC.jpg
0,1,1,0,-2,-2,02188NBC.jpg
1,2,1,-2,0,-2,02189NBC.jpg
1,2,1,-2,0,-2,02190NBC.jpg
0,2,2,0,-2,-2,02191NBC.jpg
0,1,1,0,-2,-2,02192NBC.jpg
3,-2,0,-2,0,3,02193NBC.jpg
3,-2,0,-2,0,4,02194NBC.jpg
2,2,2,1,0,-2,02195NBC.jpg
2,2,1,1,0,-2,02196NBC.jpg
0,2,1,0,-2,-2,02197NBC.jpg
0,1,1,0,-2,-2,02198NBC.jpg
1,2,0,-2,1,-2,02199NBC.jpg
1,2,1,-2,1,-2,02200NBC.jpg
0,2,0,3,-2,-2,02201NBC.jpg
0,2,2,3,-2,-2,02202NBC.jpg
3,-2,0,-2,1,0,02203NBC.jpg
3,-2,1,-2,0,1,02204NBC.jpg
2,2,0,1,2,-2,02205NBC.jpg
2,2,0,1,2,-2,02206NBC.jpg
0,2,0,3,-2,-2,02207NBC.jpg
0,2,0,3,-2,-2,02208NBC.jpg
1,2,0,-2,1,-2,02209NBC.jpg
1,2,1,-2,1,-2,02210NBC.jpg
0,2,0,3,-2,-2,02211NBC.jpg
0,2,0,3,-2,-2,02212NBC.jpg
3,-2,0,-2,0,1,02213NBC.jpg
3,-2,1,-2,1,2,02214NBC.jpg
2,2,0,1,2,-2,02215NBC.jpg
2,2,0,1,2,-2,02216NBC.jpg
0,2,0,3,-2,-2,02217NBC.jpg
0,2,2,3,-2,-2,02218NBC.jpg
1,1,1,-2,1,-2,02219NBC.jpg
1,1,1,-2,1,-2,02220NBC.jpg
0,2,0,1,-2,-2,02221NBC.jpg
0,1,0,1,-2,-2,02222NBC.jpg
3,-2,0,-2,1,2,02223NBC.jpg
3,-2,0,-2,0,2,02224NBC.jpg
2,2,1,1,2,-2,02225NBC.jpg
2,1,1,1,2,-2,02226NBC.jpg
0,2,1,1,-2,-2,02227NBC.jpg
0,1,1,1,-2,-2,02228NBC.jpg
1,1,1,-2,1,-2,02229NBC.jpg
1,1,1,-2,1,-2,02230NBC.jpg
0,2,0,1,-2,-2,02231NBC.jpg
0,1,0,1,-2,-2,02232NBC.jpg
3,-2,0,-2,0,2,02233NBC.jpg
3,-2,0,-2,0,2,02234NBC.jpg
2,2,1,1,2,-2,02235NBC.jpg
2,1,1,1,2,-2,02236NBC.jpg
0,2,1,1,-2,-2,02237NBC.jpg
0,1,1,1,-2,-2,02238NBC.jpg
1,2,1,-2,1,-2,02239NBC.jpg
1,1,1,-2,1,-2,02240NBC.jpg
0,2,0,3,-2,-2,02241NBC.jpg
0,1,0,3,-2,-2,02242NBC.jpg
3,-2,0,-2,0,3,02243NBC.jpg
3,-2,0,-2,0,2,02244NBC.jpg
2,2,1,3,1,-2,02245NBC.jpg
2,1,0,3,2,-2,02246NBC.jpg
0,2,1,3,-2,-2,02247NBC.jpg
0,1,0,3,-2,-2,02248NBC.jpg
1,3,1,-2,1,-2,02249NBC.jpg
1,2,1,-2,1,-2,02250NBC.jpg
0,2,0,3,-2,-2,02251NBC.jpg
0,1,0,3,-2,-2,02252NBC.jpg
3,-2,0,-2,0,3,02253NBC.jpg
3,-2,0,-2,0,2,02254NBC.jpg
2,2,1,3,1,-2,02255NBC.jpg
2,1,0,3,1,-2,02256NBC.jpg
0,2,1,2,-2,-2,02257NBC.jpg
0,1,0,2,-2,-2,02258NBC.jpg
1,1,0,-2,0,-2,02259NBC.jpg
1,2,1,-2,0,-2,02260NBC.jpg
0,2,1,0,-2,-2,02261NBC.jpg
0,2,1,0,-2,-2,02262NBC.jpg
3,-2,1,-2,0,2,02263NBC.jpg
3,-2,1,-2,0,2,02264NBC.jpg
2,1,0,0,1,-2,02265NBC.jpg
2,1,0,0,1,-2,02266NBC.jpg
0,1,0,0,-2,-2,02267NBC.jpg
0,2,1,0,-2,-2,02268NBC.jpg
1,1,0,-2,0,-2,02269NBC.jpg
1,2,1,-2,0,-2,02270NBC.jpg
0,2,1,0,-2,-2,02271NBC.jpg
0,2,1,0,-2,-2,02272NBC.jpg
3,-2,1,-2,0,2,02273NBC.jpg
3,-2,1,-2,0,2,02274NBC.jpg
2,1,0,0,1,-2,02275NBC.jpg
2,1,0,0,1,-2,02276NBC.jpg
0,1,0,0,-2,-2,02277NBC.jpg
0,2,1,0,-2,-2,02278NBC.jpg
1,2,1,-2,1,-2,02279NBC.jpg
0,3,2,0,-2,-2,02280NBC.jpg
3,-2,0,-2,0,2,02281NBC.jpg
2,3,1,0,0,-2,02282NBC.jpg
0,3,2,0,-2,-2,02283NBC.jpg
1,2,1,-2,1,-2,02284NBC.jpg
0,3,2,0,-2,-2,02285NBC.jpg
3,-2,0,-2,0,2,02286NBC.jpg
2,3,1,0,0,-2,02287NBC.jpg
0,3,2,0,-2,-2,02288NBC.jpg
1,2,1,-2,1,-2,02289NBC.jpg
1,3,2,-2,1,-2,02290NBC.jpg
0,2,1,1,-2,-2,02291NBC.jpg
0,2,1,1,-2,-2,02292NBC.jpg
3,-2,0,-2,1,4,02293NBC.jpg
3,-2,0,-2,1,3,02294NBC.jpg
2,2,1,1,2,-2,02295NBC.jpg
2,3,1,1,2,-2,02296NBC.jpg
0,2,1,1,-2,-2,02297NBC.jpg
0,2,1,1,-2,-2,02298NBC.jpg
1,2,1,-2,1,-2,02299NBC.jpg
1,3,2,-2,1,-2,02300NBC.jpg
0,2,1,1,-2,-2,02301NBC.jpg
0,2,1,1,-2,-2,02302NBC.jpg
3,-2,0,-2,1,4,02303NBC.jpg
3,-2,0,-2,1,3,02304NBC.jpg
2,2,1,1,2,-2,02305NBC.jpg
2,3,1,1,2,-2,02306NBC.jpg
0,2,1,1,-2,-2,02307NBC.jpg
0,2,1,1,-2,-2,02308NBC.jpg
1,2,1,-2,0,-2,02309NBC.jpg
1,2,1,-2,1,-2,02310NBC.jpg
0,2,1,1,-2,-2,02311NBC.jpg
0,2,1,1,-2,-2,02312NBC.jpg
3,-2,1,-2,0,1,02313NBC.jpg
3,-2,1,-2,0,0,02314NBC.jpg
2,2,2,2,1,-2,02315NBC.jpg
2,2,1,2,1,-2,02316NBC.jpg
0,2,2,2,-2,-2,02317NBC.jpg
0,2,1,2,-2,-2,02318NBC.jpg
1,2,1,-2,0,-2,02319NBC.jpg
1,2,1,-2,1,-2,02320NBC.jpg
0,2,2,2,-2,-2,02321NBC.jpg
0,2,1,2,-2,-2,02322NBC.jpg
3,-2,1,-2,0,1,02323NBC.jpg
3,-2,1,-2,0,0,02324NBC.jpg
2,2,2,2,1,-2,02325NBC.jpg
2,2,1,2,1,-2,02326NBC.jpg
0,2,1,1,-2,-2,02327NBC.jpg
0,2,1,1,-2,-2,02328NBC.jpg
1,2,2,-2,1,-2,02329NBC.jpg
1,1,2,-2,1,-2,02330NBC.jpg
0,2,1,3,-2,-2,02331NBC.jpg
0,2,1,3,-2,-2,02332NBC.jpg
3,-2,0,-2,0,1,02333NBC.jpg
3,-2,1,-2,0,2,02334NBC.jpg
2,2,2,4,0,-2,02335NBC.jpg
2,2,1,4,0,-2,02336NBC.jpg
0,1,2,4,-2,-2,02337NBC.jpg
0,1,1,4,-2,-2,02338NBC.jpg
1,2,1,-2,1,-2,02339NBC.jpg
1,1,2,-2,1,-2,02340NBC.jpg
0,1,2,4,-2,-2,02341NBC.jpg
0,1,1,3,-2,-2,02342NBC.jpg
3,-2,0,-2,0,1,02343NBC.jpg
3,-2,1,-2,0,2,02344NBC.jpg
2,2,2,4,0,-2,02345NBC.jpg
2,2,1,4,0,-2,02346NBC.jpg
0,2,1,3,-2,-2,02347NBC.jpg
0,2,1,3,-2,-2,02348NBC.jpg
1,2,0,-2,1,-2,02349NBC.jpg
1,2,0,-2,1,-2,02350NBC.jpg
0,2,1,2,-2,-2,02351NBC.jpg
0,2,1,2,-2,-2,02352NBC.jpg
3,-2,1,-2,0,1,02353NBC.jpg
3,-2,0,-2,0,1,02354NBC.jpg
2,2,0,2,2,-2,02355NBC.jpg
2,1,0,2,2,-2,02356NBC.jpg
0,2,1,1,-2,-2,02357NBC.jpg
0,2,1,1,-2,-2,02358NBC.jpg
1,2,0,-2,1,-2,02359NBC.jpg
1,1,0,-2,1,-2,02360NBC.jpg
0,2,1,2,-2,-2,02361NBC.jpg
0,2,1,2,-2,-2,02362NBC.jpg
3,-2,1,-2,0,1,02363NBC.jpg
3,-2,0,-2,0,1,02364NBC.jpg
2,2,0,2,2,-2,02365NBC.jpg
2,1,0,2,2,-2,02366NBC.jpg
0,2,1,1,-2,-2,02367NBC.jpg
0,2,1,1,-2,-2,02368NBC.jpg
1,3,1,-2,0,-2,02369NBC.jpg
1,3,1,-2,0,-2,02370NBC.jpg
0,2,0,1,-2,-2,02371NBC.jpg
0,2,0,1,-2,-2,02372NBC.jpg
3,-2,0,-2,0,2,02373NBC.jpg
3,-2,0,-2,0,2,02374NBC.jpg
2,2,2,1,1,-2,02375NBC.jpg
2,2,1,1,0,-2,02376NBC.jpg
0,2,2,0,-2,-2,02377NBC.jpg
0,2,1,0,-2,-2,02378NBC.jpg
1,2,1,-2,1,-2,02379NBC.jpg
1,2,1,-2,0,-2,02380NBC.jpg
0,2,2,0,-2,-2,02381NBC.jpg
0,2,1,0,-2,-2,02382NBC.jpg
3,-2,0,-2,0,2,02383NBC.jpg
3,-2,0,-2,0,2,02384NBC.jpg
2,2,2,1,1,-2,02385NBC.jpg
2,2,1,1,0,-2,02386NBC.jpg
0,2,0,1,-2,-2,02387NBC.jpg
0,3,0,1,-2,-2,02388NBC.jpg
1,2,1,-2,0,-2,02389NBC.jpg
1,2,1,-2,1,-2,02390NBC.jpg
0,2,1,0,-2,-2,02391NBC.jpg
0,2,1,0,-2,-2,02392NBC.jpg
3,-2,0,-2,0,2,02393NBC.jpg
3,-2,0,-2,0,2,02394NBC.jpg
2,2,0,0,2,-2,02395NBC.jpg
2,2,0,0,2,-2,02396NBC.jpg
0,2,0,0,-2,-2,02397NBC.jpg
0,2,0,0,-2,-2,02398NBC.jpg
1,2,1,-2,0,-2,02399NBC.jpg
1,2,1,-2,1,-2,02400NBC.jpg
0,2,0,0,-2,-2,02401NBC.jpg
0,2,0,0,-2,-2,02402NBC.jpg
3,-2,0,-2,0,2,02403NBC.jpg
3,-2,0,-2,0,2,02404NBC.jpg
2,2,0,0,2,-2,02405NBC.jpg
2,2,0,0,2,-2,02406NBC.jpg
0,2,1,0,-2,-2,02407NBC.jpg
0,2,1,0,-2,-2,02408NBC.jpg
1,1,0,-2,2,-2,02409NBC.jpg
1,2,0,-2,2,-2,02410NBC.jpg
0,2,0,1,-2,-2,02411NBC.jpg
0,2,0,1,-2,-2,02412NBC.jpg
3,-2,0,-2,3,1,02413NBC.jpg
3,-2,0,-2,3,2,02414NBC.jpg
2,2,0,2,2,-2,02415NBC.jpg
2,1,0,2,2,-2,02416NBC.jpg
0,1,0,2,-2,-2,02417NBC.jpg
0,1,0,2,-2,-2,02418NBC.jpg
1,2,0,-2,1,-2,02419NBC.jpg
1,2,0,-2,1,-2,02420NBC.jpg
0,2,0,2,-2,-2,02421NBC.jpg
0,1,0,2,-2,-2,02422NBC.jpg
3,-2,0,-2,3,1,02423NBC.jpg
3,-2,0,-2,3,2,02424NBC.jpg
2,2,0,2,2,-2,02425NBC.jpg
2,1,0,2,2,-2,02426NBC.jpg
0,2,0,1,-2,-2,02427NBC.jpg
0,2,0,1,-2,-2,02428NBC.jpg
1,3,1,-2,1,-2,02429NBC.jpg
0,2,1,1,-2,-2,02430NBC.jpg
3,-2,0,-2,0,2,02431NBC.jpg
2,2,0,0,0,-2,02432NBC.jpg
0,2,0,1,-2,-2,02433NBC.jpg
1,3,1,-2,1,-2,02434NBC.jpg
0,2,1,1,-2,-2,02435NBC.jpg
3,-2,0,-2,0,2,02436NBC.jpg
2,2,0,0,0,-2,02437NBC.jpg
0,2,0,1,-2,-2,02438NBC.jpg
1,1,1,-2,2,-2,02439NBC.jpg
1,2,1,-2,2,-2,02440NBC.jpg
0,2,1,1,-2,-2,02441NBC.jpg
0,2,1,1,-2,-2,02442NBC.jpg
3,-2,0,-2,1,3,02443NBC.jpg
3,-2,0,-2,0,3,02444NBC.jpg
2,2,0,1,2,-2,02445NBC.jpg
2,2,0,1,2,-2,02446NBC.jpg
0,2,0,1,-2,-2,02447NBC.jpg
0,2,1,1,-2,-2,02448NBC.jpg
1,1,1,-2,2,-2,02449NBC.jpg
1,2,1,-2,2,-2,02450NBC.jpg
0,2,0,1,-2,-2,02451NBC.jpg
0,2,1,1,-2,-2,02452NBC.jpg
3,-2,0,-2,1,3,02453NBC.jpg
3,-2,0,-2,1,3,02454NBC.jpg
2,2,0,1,2,-2,02455NBC.jpg
2,2,0,1,2,-2,02456NBC.jpg
0,2,1,1,-2,-2,02457NBC.jpg
0,2,0,1,-2,-2,02458NBC.jpg
1,2,0,-2,0,-2,02459NBC.jpg
1,2,0,-2,0,-2,02460NBC.jpg
0,2,1,1,-2,-2,02461NBC.jpg
0,2,1,1,-2,-2,02462NBC.jpg
3,-2,1,-2,0,2,02463NBC.jpg
3,-2,1,-2,0,2,02464NBC.jpg
2,2,1,0,1,-2,02465NBC.jpg
2,2,1,0,1,-2,02466NBC.jpg
0,2,1,0,-2,-2,02467NBC.jpg
0,2,1,0,-2,-2,02468NBC.jpg
1,2,0,-2,0,-2,02469NBC.jpg
1,2,0,-2,0,-2,02470NBC.jpg
0,2,1,1,-2,-2,02471NBC.jpg
0,2,1,1,-2,-2,02472NBC.jpg
3,-2,1,-2,0,2,02473NBC.jpg
3,-2,1,-2,0,2,02474NBC.jpg
2,2,1,0,1,-2,02475NBC.jpg
2,2,1,0,1,-2,02476NBC.jpg
0,2,1,0,-2,-2,02477NBC.jpg
0,2,1,0,-2,-2,02478NBC.jpg
1,2,1,-2,0,-2,02479NBC.jpg
1,2,2,-2,0,-2,02480NBC.jpg
0,1,0,1,-2,-2,02481NBC.jpg
0,2,1,1,-2,-2,02482NBC.jpg
3,-2,1,-2,1,1,02483NBC.jpg
3,-2,1,-2,1,2,02484NBC.jpg
2,2,1,2,1,-2,02485NBC.jpg
2,1,1,2,1,-2,02486NBC.jpg
0,2,1,1,-2,-2,02487NBC.jpg
0,2,1,1,-2,-2,02488NBC.jpg
1,2,1,-2,0,-2,02489NBC.jpg
1,2,2,-2,0,-2,02490NBC.jpg
0,1,0,1,-2,-2,02491NBC.jpg
0,2,1,1,-2,-2,02492NBC.jpg
3,-2,1,-2,1,2,02493NBC.jpg
3,-2,1,-2,1,2,02494NBC.jpg
2,2,1,2,1,-2,02495NBC.jpg
2,1,1,2,1,-2,02496NBC.jpg
0,2,1,1,-2,-2,02497NBC.jpg
0,2,1,1,-2,-2,02498NBC.jpg
1,2,0,-2,2,-2,02499NBC.jpg
1,2,0,-2,2,-2,02500NBC.jpg
0,2,0,1,-2,-2,02501NBC.jpg
0,2,0,1,-2,-2,02502NBC.jpg
3,-2,0,-2,2,4,02503NBC.jpg
3,-2,0,-2,2,3,02504NBC.jpg
2,2,0,1,3,-2,02505NBC.jpg
2,2,0,1,3,-2,02506NBC.jpg
0,1,0,1,-2,-2,02507NBC.jpg
0,1,0,1,-2,-2,02508NBC.jpg
1,2,0,-2,2,-2,02509NBC.jpg
1,2,0,-2,2,-2,02510NBC.jpg
0,1,0,1,-2,-2,02511NBC.jpg
0,1,0,1,-2,-2,02512NBC.jpg
3,-2,0,-2,2,4,02513NBC.jpg
3,-2,0,-2,2,3,02514NBC.jpg
2,2,0,1,3,-2,02515NBC.jpg
2,2,0,1,3,-2,02516NBC.jpg
0,2,0,1,-2,-2,02517NBC.jpg
0,2,0,1,-2,-2,02518NBC.jpg
1,1,1,-2,1,-2,02519NBC.jpg
1,2,1,-2,1,-2,02520NBC.jpg
0,1,1,3,-2,-2,02521NBC.jpg
0,2,0,3,-2,-2,02522NBC.jpg
3,-2,0,-2,0,3,02523NBC.jpg
3,-2,0,-2,0,3,02524NBC.jpg
2,1,0,3,2,-2,02525NBC.jpg
2,2,0,3,2,-2,02526NBC.jpg
0,1,0,3,-2,-2,02527NBC.jpg
0,2,0,3,-2,-2,02528NBC.jpg
1,1,1,-2,0,-2,02529NBC.jpg
1,2,1,-2,1,-2,02530NBC.jpg
0,1,1,3,-2,-2,02531NBC.jpg
0,2,0,2,-2,-2,02532NBC.jpg
3,-2,0,-2,0,-1,02533NBC.jpg
3,-2,0,-2,0,3,02534NBC.jpg
2,1,0,2,1,-2,02535NBC.jpg
2,2,0,2,1,-2,02536NBC.jpg
0,1,0,3,-2,-2,02537NBC.jpg
0,2,0,2,-2,-2,02538NBC.jpg
1,2,0,-2,2,-2,02539NBC.jpg
1,2,0,-2,2,-2,02540NBC.jpg
0,2,0,1,-2,-2,02541NBC.jpg
0,2,0,1,-2,-2,02542NBC.jpg
3,-2,0,-2,2,2,02543NBC.jpg
3,-2,0,-2,2,1,02544NBC.jpg
2,2,0,1,2,-2,02545NBC.jpg
2,2,0,1,2,-2,02546NBC.jpg
0,2,0,1,-2,-2,02547NBC.jpg
0,2,0,1,-2,-2,02548NBC.jpg
1,2,0,-2,2,-2,02549NBC.jpg
1,2,0,-2,2,-2,02550NBC.jpg
0,2,0,0,-2,-2,02551NBC.jpg
0,2,0,1,-2,-2,02552NBC.jpg
3,-2,0,-2,2,2,02553NBC.jpg
3,-2,0,-2,2,1,02554NBC.jpg
2,2,0,1,2,-2,02555NBC.jpg
2,2,0,1,2,-2,02556NBC.jpg
0,2,0,1,-2,-2,02557NBC.jpg
0,2,0,1,-2,-2,02558NBC.jpg
1,3,1,-2,0,-2,02559NBC.jpg
1,2,1,-2,0,-2,02560NBC.jpg
0,2,0,3,-2,-2,02561NBC.jpg
0,2,1,3,-2,-2,02562NBC.jpg
3,-2,0,-2,0,2,02563NBC.jpg
3,-2,1,-2,0,2,02564NBC.jpg
2,2,0,4,2,-2,02565NBC.jpg
2,2,1,4,2,-2,02566NBC.jpg
0,2,1,3,-2,-2,02567NBC.jpg
0,2,1,3,-2,-2,02568NBC.jpg
1,3,1,-2,0,-2,02569NBC.jpg
1,2,1,-2,0,-2,02570NBC.jpg
0,2,0,3,-2,-2,02571NBC.jpg
0,2,1,3,-2,-2,02572NBC.jpg
3,-2,0,-2,0,2,02573NBC.jpg
3,-2,1,-2,0,2,02574NBC.jpg
2,2,0,4,1,-2,02575NBC.jpg
2,2,1,3,1,-2,02576NBC.jpg
0,2,1,3,-2,-2,02577NBC.jpg
0,2,0,2,-2,-2,02578NBC.jpg
1,4,2,-2,0,-2,02579NBC.jpg
1,4,2,-2,0,-2,02580NBC.jpg
0,2,2,1,-2,-2,02581NBC.jpg
0,3,1,1,-2,-2,02582NBC.jpg
3,-2,2,-2,1,1,02583NBC.jpg
3,-2,1,-2,1,1,02584NBC.jpg
2,3,2,2,1,-2,02585NBC.jpg
2,3,2,2,1,-2,02586NBC.jpg
0,3,1,1,-2,-2,02587NBC.jpg
0,2,1,1,-2,-2,02588NBC.jpg
1,4,2,-2,0,-2,02589NBC.jpg
1,4,2,-2,0,-2,02590NBC.jpg
0,3,2,1,-2,-2,02591NBC.jpg
0,3,1,1,-2,-2,02592NBC.jpg
3,-2,2,-2,1,1,02593NBC.jpg
3,-2,1,-2,1,1,02594NBC.jpg
2,3,2,2,1,-2,02595NBC.jpg
2,3,2,2,1,-2,02596NBC.jpg
0,3,1,1,-2,-2,02597NBC.jpg
0,3,1,1,-2,-2,02598NBC.jpg
1,2,1,-2,1,-2,02599NBC.jpg
1,2,1,-2,2,-2,02600NBC.jpg
0,2,0,2,-2,-2,02601NBC.jpg
0,2,0,2,-2,-2,02602NBC.jpg
3,-2,0,-2,1,4,02603NBC.jpg
3,-2,1,-2,0,4,02604NBC.jpg
2,2,0,3,1,-2,02605NBC.jpg
2,2,0,3,1,-2,02606NBC.jpg
0,2,0,2,-2,-2,02607NBC.jpg
0,2,0,2,-2,-2,02608NBC.jpg
1,2,1,-2,1,-2,02609NBC.jpg
1,2,1,-2,2,-2,02610NBC.jpg
0,2,0,2,-2,-2,02611NBC.jpg
0,2,0,2,-2,-2,02612NBC.jpg
3,-2,0,-2,1,4,02613NBC.jpg
3,-2,0,-2,0,4,02614NBC.jpg
2,2,0,3,1,-2,02615NBC.jpg
2,2,0,2,1,-2,02616NBC.jpg
0,2,0,2,-2,-2,02617NBC.jpg
0,2,0,2,-2,-2,02618NBC.jpg
1,2,1,-2,1,-2,02619NBC.jpg
1,3,1,-2,1,-2,02620NBC.jpg
0,2,2,1,-2,-2,02621NBC.jpg
0,3,2,1,-2,-2,02622NBC.jpg
3,-2,0,-2,0,2,02623NBC.jpg
3,-2,1,-2,0,1,02624NBC.jpg
2,3,1,2,1,-2,02625NBC.jpg
2,3,1,2,1,-2,02626NBC.jpg
0,3,2,1,-2,-2,02627NBC.jpg
0,3,1,1,-2,-2,02628NBC.jpg
1,2,1,-2,1,-2,02629NBC.jpg
1,3,1,-2,1,-2,02630NBC.jpg
0,2,2,1,-2,-2,02631NBC.jpg
0,3,2,1,-2,-2,02632NBC.jpg
3,-2,0,-2,0,2,02633NBC.jpg
3,-2,0,-2,0,1,02634NBC.jpg
2,3,1,2,1,-2,02635NBC.jpg
2,3,1,2,1,-2,02636NBC.jpg
0,3,2,1,-2,-2,02637NBC.jpg
0,3,1,1,-2,-2,02638NBC.jpg
1,2,2,-2,1,-2,02639NBC.jpg
1,2,1,-2,1,-2,02640NBC.jpg
0,1,1,1,-2,-2,02641NBC.jpg
0,2,2,1,-2,-2,02642NBC.jpg
3,-2,1,-2,0,1,02643NBC.jpg
3,-2,0,-2,1,2,02644NBC.jpg
2,2,1,2,2,-2,02645NBC.jpg
2,2,2,2,2,-2,02646NBC.jpg
0,2,2,1,-2,-2,02647NBC.jpg
0,3,1,1,-2,-2,02648NBC.jpg
1,2,2,-2,0,-2,02649NBC.jpg
1,3,0,-2,0,-2,02650NBC.jpg
0,1,1,1,-2,-2,02651NBC.jpg
0,2,2,1,-2,-2,02652NBC.jpg
3,-2,1,-2,0,1,02653NBC.jpg
3,-2,0,-2,1,2,02654NBC.jpg
2,2,1,2,2,-2,02655NBC.jpg
2,2,2,2,2,-2,02656NBC.jpg
0,2,2,1,-2,-2,02657NBC.jpg
0,3,1,1,-2,-2,02658NBC.jpg
1,3,1,-2,1,-2,02659NBC.jpg
1,2,0,-2,0,-2,02660NBC.jpg
0,2,1,2,-2,-2,02661NBC.jpg
0,2,1,2,-2,-2,02662NBC.jpg
3,-2,0,-2,1,2,02663NBC.jpg
3,-2,1,-2,1,3,02664NBC.jpg
2,3,1,2,1,-2,02665NBC.jpg
2,2,0,2,2,-2,02666NBC.jpg
0,3,1,2,-2,-2,02667NBC.jpg
0,2,1,2,-2,-2,02668NBC.jpg
1,3,1,-2,1,-2,02669NBC.jpg
1,2,0,-2,0,-2,02670NBC.jpg
0,3,1,2,-2,-2,02671NBC.jpg
0,2,1,2,-2,-2,02672NBC.jpg
3,-2,0,-2,1,2,02673NBC.jpg
3,-2,1,-2,1,3,02674NBC.jpg
2,3,1,2,1,-2,02675NBC.jpg
2,2,0,2,2,-2,02676NBC.jpg
0,3,1,2,-2,-2,02677NBC.jpg
0,2,1,2,-2,-2,02678NBC.jpg
1,1,1,-2,1,-2,02679NBC.jpg
1,1,1,-2,0,-2,02680NBC.jpg
0,2,0,1,-2,-2,02681NBC.jpg
0,2,1,1,-2,-2,02682NBC.jpg
3,-2,0,-2,1,2,02683NBC.jpg
3,-2,0,-2,1,2,02684NBC.jpg
2,2,0,1,2,-2,02685NBC.jpg
2,2,0,1,2,-2,02686NBC.jpg
0,2,0,1,-2,-2,02687NBC.jpg
0,2,0,1,-2,-2,02688NBC.jpg
1,1,1,-2,1,-2,02689NBC.jpg
1,1,0,-2,0,-2,02690NBC.jpg
0,2,0,1,-2,-2,02691NBC.jpg
0,2,0,0,-2,-2,02692NBC.jpg
3,-2,0,-2,0,2,02693NBC.jpg
3,-2,0,-2,0,2,02694NBC.jpg
2,2,0,0,1,-2,02695NBC.jpg
2,2,0,0,1,-2,02696NBC.jpg
0,2,0,0,-2,-2,02697NBC.jpg
0,2,0,0,-2,-2,02698NBC.jpg
1,1,1,-2,2,-2,02699NBC.jpg
1,2,1,-2,2,-2,02700NBC.jpg
0,3,1,2,-2,-2,02701NBC.jpg
0,3,1,2,-2,-2,02702NBC.jpg
3,-2,1,-2,1,2,02703NBC.jpg
3,-2,1,-2,1,1,02704NBC.jpg
2,2,0,3,2,-2,02705NBC.jpg
2,3,1,2,2,-2,02706NBC.jpg
0,2,1,2,-2,-2,02707NBC.jpg
0,3,1,2,-2,-2,02708NBC.jpg
1,1,1,-2,2,-2,02709NBC.jpg
1,2,1,-2,2,-2,02710NBC.jpg
0,2,1,2,-2,-2,02711NBC.jpg
0,3,1,2,-2,-2,02712NBC.jpg
3,-2,0,-2,1,2,02713NBC.jpg
3,-2,1,-2,1,1,02714NBC.jpg
2,2,0,2,1,-2,02715NBC.jpg
2,3,1,1,1,-2,02716NBC.jpg
0,3,1,2,-2,-2,02717NBC.jpg
0,3,1,2,-2,-2,02718NBC.jpg
1,1,0,-2,1,-2,02719NBC.jpg
1,2,1,-2,1,-2,02720NBC.jpg
0,1,1,2,-2,-2,02721NBC.jpg
0,1,1,2,-2,-2,02722NBC.jpg
3,-2,0,-2,2,4,02723NBC.jpg
3,-2,1,-2,1,2,02724NBC.jpg
2,1,1,2,2,-2,02725NBC.jpg
2,2,1,2,1,-2,02726NBC.jpg
0,1,0,2,-2,-2,02727NBC.jpg
0,2,2,2,-2,-2,02728NBC.jpg
1,1,0,-2,1,-2,02729NBC.jpg
1,2,1,-2,1,-2,02730NBC.jpg
0,1,0,2,-2,-2,02731NBC.jpg
0,2,2,2,-2,-2,02732NBC.jpg
3,-2,0,-2,2,4,02733NBC.jpg
3,-2,1,-2,1,2,02734NBC.jpg
2,1,1,2,2,-2,02735NBC.jpg
2,2,1,2,1,-2,02736NBC.jpg
0,1,1,2,-2,-2,02737NBC.jpg
0,1,1,2,-2,-2,02738NBC.jpg
1,2,0,-2,2,-2,02739NBC.jpg
1,2,0,-2,2,-2,02740NBC.jpg
0,3,1,0,-2,-2,02741NBC.jpg
0,3,3,2,-2,-2,02742NBC.jpg
3,-2,0,-2,1,2,02743NBC.jpg
3,-2,0,-2,1,1,02744NBC.jpg
2,2,2,0,2,-2,02745NBC.jpg
2,3,2,1,2,-2,02746NBC.jpg
0,2,2,2,-2,-2,02747NBC.jpg
0,2,2,2,-2,-2,02748NBC.jpg
1,2,0,-2,2,-2,02749NBC.jpg
1,2,0,-2,2,-2,02750NBC.jpg
0,2,2,2,-2,-2,02751NBC.jpg
0,2,2,1,-2,-2,02752NBC.jpg
3,-2,0,-2,1,1,02753NBC.jpg
3,-2,0,-2,1,1,02754NBC.jpg
2,2,2,1,2,-2,02755NBC.jpg
2,2,1,0,2,-2,02756NBC.jpg
0,2,2,0,-2,-2,02757NBC.jpg
1,2,1,-2,1,-2,02758NBC.jpg
1,3,1,-2,1,-2,02759NBC.jpg
0,2,1,2,-2,-2,02760NBC.jpg
0,3,1,2,-2,-2,02761NBC.jpg
3,-2,2,-2,0,1,02762NBC.jpg
3,-2,2,-2,0,2,02763NBC.jpg
2,1,1,1,2,-2,02764NBC.jpg
2,2,2,1,1,-2,02765NBC.jpg
0,2,2,1,-2,-2,02766NBC.jpg
0,2,2,1,-2,-2,02767NBC.jpg
1,2,1,-2,1,-2,02768NBC.jpg
1,3,1,-2,1,-2,02769NBC.jpg
0,1,2,1,-2,-2,02770NBC.jpg
0,2,2,1,-2,-2,02771NBC.jpg
3,-2,2,-2,0,1,02772NBC.jpg
3,-2,2,-2,0,1,02773NBC.jpg
2,1,1,1,1,-2,02774NBC.jpg
2,2,1,1,1,-2,02775NBC.jpg
0,2,1,2,-2,-2,02776NBC.jpg
0,2,1,2,-2,-2,02777NBC.jpg
1,2,0,-2,2,-2,02778NBC.jpg
1,2,0,-2,2,-2,02779NBC.jpg
0,3,1,2,-2,-2,02780NBC.jpg
0,3,0,2,-2,-2,02781NBC.jpg
3,-2,0,-2,1,0,02782NBC.jpg
3,-2,0,-2,1,1,02783NBC.jpg
2,3,0,1,2,-2,02784NBC.jpg
2,3,0,1,1,-2,02785NBC.jpg
0,3,1,1,-2,-2,02786NBC.jpg
0,3,0,1,-2,-2,02787NBC.jpg
1,2,0,-2,2,-2,02788NBC.jpg
1,2,0,-2,2,-2,02789NBC.jpg
0,3,0,1,-2,-2,02790NBC.jpg
0,3,0,1,-2,-2,02791NBC.jpg
3,-2,0,-2,1,0,02792NBC.jpg
3,-2,0,-2,1,1,02793NBC.jpg
2,3,0,1,2,-2,02794NBC.jpg
2,3,0,1,1,-2,02795NBC.jpg
0,3,1,2,-2,-2,02796NBC.jpg
0,3,0,2,-2,-2,02797NBC.jpg
1,2,0,-2,2,-2,02798NBC.jpg
1,3,0,-2,1,-2,02799NBC.jpg
0,2,0,2,-2,-2,02800NBC.jpg
0,3,0,2,-2,-2,02801NBC.jpg
3,-2,0,-2,1,2,02802NBC.jpg
3,-2,0,-2,1,2,02803NBC.jpg
2,2,0,2,1,-2,02804NBC.jpg
2,2,0,2,1,-2,02805NBC.jpg
0,2,0,2,-2,-2,02806NBC.jpg
0,3,0,2,-2,-2,02807NBC.jpg
1,2,0,-2,1,-2,02808NBC.jpg
1,3,0,-2,1,-2,02809NBC.jpg
0,2,0,0,-2,-2,02810NBC.jpg
0,3,0,0,-2,-2,02811NBC.jpg
3,-2,0,-2,0,1,02812NBC.jpg
3,-2,0,-2,1,1,02813NBC.jpg
2,2,0,0,0,-2,02814NBC.jpg
2,2,0,0,1,-2,02815NBC.jpg
0,2,0,0,-2,-2,02816NBC.jpg
0,3,0,0,-2,-2,02817NBC.jpg
1,3,1,-2,1,-2,02818NBC.jpg
1,2,1,-2,1,-2,02819NBC.jpg
0,2,1,1,-2,-2,02820NBC.jpg
0,2,1,1,-2,-2,02821NBC.jpg
3,-2,1,-2,0,0,02822NBC.jpg
3,-2,2,-2,0,2,02823NBC.jpg
2,2,2,1,2,-2,02824NBC.jpg
2,2,2,1,2,-2,02825NBC.jpg
0,3,2,0,-2,-2,02826NBC.jpg
0,2,2,0,-2,-2,02827NBC.jpg
1,3,1,-2,0,-2,02828NBC.jpg
1,2,1,-2,0,-2,02829NBC.jpg
0,3,2,0,-2,-2,02830NBC.jpg
0,2,2,0,-2,-2,02831NBC.jpg
3,-2,1,-2,0,0,02832NBC.jpg
3,-2,2,-2,0,2,02833NBC.jpg
2,2,2,1,2,-2,02834NBC.jpg
2,2,2,1,2,-2,02835NBC.jpg
0,2,1,1,-2,-2,02836NBC.jpg
0,2,1,1,-2,-2,02837NBC.jpg
1,2,1,-2,0,-2,02838NBC.jpg
1,2,0,-2,1,-2,02839NBC.jpg
0,2,1,3,-2,-2,02840NBC.jpg
0,3,1,3,-2,-2,02841NBC.jpg
3,-2,0,-2,2,2,02842NBC.jpg
3,-2,0,-2,3,2,02843NBC.jpg
2,2,0,3,1,-2,02844NBC.jpg
2,3,1,3,2,-2,02845NBC.jpg
0,2,1,1,-2,-2,02846NBC.jpg
0,3,1,1,-2,-2,02847NBC.jpg
1,2,1,-2,0,-2,02848NBC.jpg
1,2,0,-2,1,-2,02849NBC.jpg
0,2,1,3,-2,-2,02850NBC.jpg
0,3,1,3,-2,-2,02851NBC.jpg
3,-2,0,-2,2,2,02852NBC.jpg
3,-2,0,-2,3,2,02853NBC.jpg
2,2,0,3,1,-2,02854NBC.jpg
2,3,1,3,2,-2,02855NBC.jpg
0,2,1,1,-2,-2,02856NBC.jpg
0,3,1,1,-2,-2,02857NBC.jpg
1,3,1,-2,0,-2,02858NBC.jpg
1,4,1,-2,0,-2,02859NBC.jpg
0,2,2,2,-2,-2,02860NBC.jpg
0,2,1,2,-2,-2,02861NBC.jpg
3,-2,1,-2,1,2,02862NBC.jpg
3,-2,0,-2,1,3,02863NBC.jpg
2,3,2,2,1,-2,02864NBC.jpg
2,2,0,2,2,-2,02865NBC.jpg
0,3,0,2,-2,-2,02866NBC.jpg
0,2,0,2,-2,-2,02867NBC.jpg
1,3,1,-2,0,-2,02868NBC.jpg
1,4,1,-2,0,-2,02869NBC.jpg
0,2,2,2,-2,-2,02870NBC.jpg
0,2,1,2,-2,-2,02871NBC.jpg
3,-2,1,-2,1,2,02872NBC.jpg
3,-2,0,-2,1,3,02873NBC.jpg
2,3,2,2,1,-2,02874NBC.jpg
2,2,0,2,1,-2,02875NBC.jpg
0,3,0,2,-2,-2,02876NBC.jpg
0,2,0,2,-2,-2,02877NBC.jpg
1,2,1,-2,1,-2,02878NBC.jpg
1,2,1,-2,2,-2,02879NBC.jpg
0,2,0,2,-2,-2,02880NBC.jpg
0,2,0,2,-2,-2,02881NBC.jpg
3,-2,0,-2,0,2,02882NBC.jpg
3,-2,0,-2,0,3,02883NBC.jpg
2,2,0,2,1,-2,02884NBC.jpg
2,2,0,2,1,-2,02885NBC.jpg
0,2,0,2,-2,-2,02886NBC.jpg
0,2,0,1,-2,-2,02887NBC.jpg
1,2,1,-2,1,-2,02888NBC.jpg
1,2,1,-2,2,-2,02889NBC.jpg
0,2,0,1,-2,-2,02890NBC.jpg
0,2,0,1,-2,-2,02891NBC.jpg
3,-2,0,-2,0,2,02892NBC.jpg
3,-2,0,-2,0,3,02893NBC.jpg
2,2,0,0,1,-2,02894NBC.jpg
2,2,0,1,1,-2,02895NBC.jpg
0,2,0,1,-2,-2,02896NBC.jpg
0,2,0,0,-2,-2,02897NBC.jpg
1,3,0,-2,2,-2,02898NBC.jpg
1,3,0,-2,2,-2,02899NBC.jpg
0,3,1,2,-2,-2,02900NBC.jpg
0,3,0,2,-2,-2,02901NBC.jpg
3,-2,0,-2,1,2,02902NBC.jpg
3,-2,0,-2,1,1,02903NBC.jpg
2,2,1,2,1,-2,02904NBC.jpg
2,3,1,2,1,-2,02905NBC.jpg
0,3,1,1,-2,-2,02906NBC.jpg
0,3,1,1,-2,-2,02907NBC.jpg
1,2,0,-2,2,-2,02908NBC.jpg
1,3,0,-2,2,-2,02909NBC.jpg
0,2,1,2,-2,-2,02910NBC.jpg
0,3,0,2,-2,-2,02911NBC.jpg
3,-2,0,-2,1,2,02912NBC.jpg
3,-2,0,-2,1,1,02913NBC.jpg
2,2,1,2,1,-2,02914NBC.jpg
2,3,1,2,1,-2,02915NBC.jpg
0,3,1,1,-2,-2,02916NBC.jpg
0,2,2,1,-2,-2,02917NBC.jpg
1,-1,-1,-2,-1,-2,02918NBC.jpg
1,-1,-1,-2,-1,-2,02919NBC.jpg
0,2,1,0,-2,-2,02920NBC.jpg
0,3,1,0,-2,-2,02921NBC.jpg
3,-2,1,-2,0,4,02922NBC.jpg
3,-2,1,-2,0,4,02923NBC.jpg
2,2,0,1,2,-2,02924NBC.jpg
2,2,1,1,1,-2,02925NBC.jpg
0,2,1,0,-2,-2,02926NBC.jpg
0,3,1,1,-2,-2,02927NBC.jpg
1,-1,-1,-2,-1,-2,02928NBC.jpg
1,-1,-1,-2,-1,-2,02929NBC.jpg
0,2,1,1,-2,-2,02930NBC.jpg
0,3,0,1,-2,-2,02931NBC.jpg
3,-2,1,-2,0,4,02932NBC.jpg
3,-2,1,-2,0,4,02933NBC.jpg
2,2,0,1,2,-2,02934NBC.jpg
2,2,1,1,2,-2,02935NBC.jpg
0,2,1,0,-2,-2,02936NBC.jpg
0,3,1,0,-2,-2,02937NBC.jpg
1,2,1,-2,2,-2,02938NBC.jpg
1,2,1,-2,1,-2,02939NBC.jpg
0,3,2,2,-2,-2,02940NBC.jpg
0,2,1,2,-2,-2,02941NBC.jpg
3,-2,1,-2,0,3,02942NBC.jpg
3,-2,1,-2,0,2,02943NBC.jpg
2,3,2,2,1,-2,02944NBC.jpg
2,2,2,2,1,-2,02945NBC.jpg
0,3,2,2,-2,-2,02946NBC.jpg
0,2,2,2,-2,-2,02947NBC.jpg
1,2,1,-2,2,-2,02948NBC.jpg
1,2,1,-2,1,-2,02949NBC.jpg
0,3,2,2,-2,-2,02950NBC.jpg
0,2,1,2,-2,-2,02951NBC.jpg
3,-2,1,-2,0,3,02952NBC.jpg
3,-2,1,-2,0,2,02953NBC.jpg
2,3,2,2,1,-2,02954NBC.jpg
2,2,2,2,1,-2,02955NBC.jpg
0,3,2,2,-2,-2,02956NBC.jpg
0,2,2,2,-2,-2,02957NBC.jpg
1,3,3,-2,2,-2,02958NBC.jpg
1,3,3,-2,2,-2,02959NBC.jpg
0,2,2,2,-2,-2,02960NBC.jpg
0,3,2,2,-2,-2,02961NBC.jpg
3,-2,2,-2,1,4,02962NBC.jpg
3,-2,2,-2,1,3,02963NBC.jpg
2,2,2,2,1,-2,02964NBC.jpg
2,3,2,2,1,-2,02965NBC.jpg
0,2,3,1,-2,-2,02966NBC.jpg
0,3,3,1,-2,-2,02967NBC.jpg
1,3,3,-2,2,-2,02968NBC.jpg
1,2,3,-2,2,-2,02969NBC.jpg
0,2,2,2,-2,-2,02970NBC.jpg
0,3,2,2,-2,-2,02971NBC.jpg
3,-2,2,-2,1,4,02972NBC.jpg
3,-2,2,-2,1,3,02973NBC.jpg
2,2,2,2,1,-2,02974NBC.jpg
2,3,2,2,1,-2,02975NBC.jpg
0,2,3,1,-2,-2,02976NBC.jpg
0,3,3,1,-2,-2,02977NBC.jpg
1,4,1,-2,2,-2,02978NBC.jpg
1,3,1,-2,2,-2,02979NBC.jpg
0,3,1,2,-2,-2,02980NBC.jpg
0,3,1,2,-2,-2,02981NBC.jpg
3,-2,0,-2,0,2,02982NBC.jpg
3,-2,0,-2,0,1,02983NBC.jpg
2,2,1,2,1,-2,02984NBC.jpg
2,3,1,2,1,-2,02985NBC.jpg
0,2,1,2,-2,-2,02986NBC.jpg
0,4,1,2,-2,-2,02987NBC.jpg
1,4,1,-2,1,-2,02988NBC.jpg
1,2,1,-2,1,-2,02989NBC.jpg
0,2,1,2,-2,-2,02990NBC.jpg
0,3,0,2,-2,-2,02991NBC.jpg
3,-2,0,-2,0,1,02992NBC.jpg
3,-2,0,-2,0,1,02993NBC.jpg
2,2,1,2,1,-2,02994NBC.jpg
2,2,1,2,1,-2,02995NBC.jpg
0,2,1,2,-2,-2,02996NBC.jpg
0,2,0,2,-2,-2,02997NBC.jpg
1,2,0,-2,2,-2,02998NBC.jpg
1,2,0,-2,2,-2,02999NBC.jpg
0,3,0,3,-2,-2,03000NBC.jpg
0,2,0,3,-2,-2,03001NBC.jpg
3,-2,0,-2,0,2,03002NBC.jpg
3,-2,1,-2,1,1,03003NBC.jpg
2,3,1,3,2,-2,03004NBC.jpg
2,3,1,3,2,-2,03005NBC.jpg
0,3,1,3,-2,-2,03006NBC.jpg
0,3,1,2,-2,-2,03007NBC.jpg
1,2,0,-2,2,-2,03008NBC.jpg
1,2,0,-2,2,-2,03009NBC.jpg
0,3,0,3,-2,-2,03010NBC.jpg
0,2,0,3,-2,-2,03011NBC.jpg
3,-2,0,-2,1,1,03012NBC.jpg
3,-2,1,-2,1,1,03013NBC.jpg
2,3,1,3,2,-2,03014NBC.jpg
2,3,1,3,2,-2,03015NBC.jpg
0,3,1,3,-2,-2,03016NBC.jpg
0,2,1,2,-2,-2,03017NBC.jpg
1,3,4,-2,0,-2,03018NBC.jpg
1,2,4,-2,0,-2,03019NBC.jpg
0,2,2,0,-2,-2,03020NBC.jpg
0,2,3,0,-2,-2,03021NBC.jpg
3,-2,2,-2,0,2,03022NBC.jpg
3,-2,4,-2,0,2,03023NBC.jpg
2,2,3,0,1,-2,03024NBC.jpg
2,2,4,0,1,-2,03025NBC.jpg
0,1,3,0,-2,-2,03026NBC.jpg
0,1,4,0,-2,-2,03027NBC.jpg
1,2,4,-2,0,-2,03028NBC.jpg
1,2,4,-2,0,-2,03029NBC.jpg
0,1,3,0,-2,-2,03030NBC.jpg
0,1,4,0,-2,-2,03031NBC.jpg
3,-2,2,-2,0,2,03032NBC.jpg
3,-2,4,-2,0,2,03033NBC.jpg
2,2,3,0,1,-2,03034NBC.jpg
2,2,4,0,1,-2,03035NBC.jpg
0,2,2,0,-2,-2,03036NBC.jpg
0,2,3,0,-2,-2,03037NBC.jpg
1,3,1,-2,2,-2,03038NBC.jpg
1,3,1,-2,2,-2,03039NBC.jpg
0,3,0,1,-2,-2,03040NBC.jpg
0,3,0,1,-2,-2,03041NBC.jpg
3,-2,0,-2,2,1,03042NBC.jpg
3,-2,0,-2,2,3,03043NBC.jpg
2,4,0,1,2,-2,03044NBC.jpg
2,4,0,1,2,-2,03045NBC.jpg
0,4,0,1,-2,-2,03046NBC.jpg
0,4,0,1,-2,-2,03047NBC.jpg
1,3,1,-2,2,-2,03048NBC.jpg
1,3,1,-2,2,-2,03049NBC.jpg
0,3,0,1,-2,-2,03050NBC.jpg
0,3,0,1,-2,-2,03051NBC.jpg
3,-2,0,-2,2,1,03052NBC.jpg
3,-2,0,-2,2,3,03053NBC.jpg
2,4,0,1,2,-2,03054NBC.jpg
2,4,0,1,2,-2,03055NBC.jpg
0,4,0,1,-2,-2,03056NBC.jpg
0,4,0,1,-2,-2,03057NBC.jpg
1,2,0,-2,0,-2,03058NBC.jpg
1,2,0,-2,2,-2,03059NBC.jpg
0,2,0,4,-2,-2,03060NBC.jpg
0,2,0,4,-2,-2,03061NBC.jpg
3,-2,0,-2,2,2,03062NBC.jpg
3,-2,0,-2,2,0,03063NBC.jpg
2,2,0,4,2,-2,03064NBC.jpg
2,3,0,4,2,-2,03065NBC.jpg
0,2,0,4,-2,-2,03066NBC.jpg
0,2,0,4,-2,-2,03067NBC.jpg
1,2,0,-2,0,-2,03068NBC.jpg
1,2,0,-2,0,-2,03069NBC.jpg
0,2,0,4,-2,-2,03070NBC.jpg
0,2,0,3,-2,-2,03071NBC.jpg
3,-2,0,-2,1,2,03072NBC.jpg
3,-2,0,-2,1,0,03073NBC.jpg
2,2,0,1,2,-2,03074NBC.jpg
2,3,0,2,2,-2,03075NBC.jpg
0,2,0,4,-2,-2,03076NBC.jpg
0,2,0,4,-2,-2,03077NBC.jpg
1,1,1,-2,0,-2,03078NBC.jpg
1,2,1,-2,1,-2,03079NBC.jpg
0,2,1,1,-2,-2,03080NBC.jpg
0,2,2,1,-2,-2,03081NBC.jpg
3,-2,1,-2,0,4,03082NBC.jpg
3,-2,2,-2,0,4,03083NBC.jpg
2,2,2,1,1,-2,03084NBC.jpg
2,2,3,1,1,-2,03085NBC.jpg
0,2,1,2,-2,-2,03086NBC.jpg
0,2,2,2,-2,-2,03087NBC.jpg
1,2,1,-2,1,-2,03088NBC.jpg
1,2,1,-2,1,-2,03089NBC.jpg
0,2,1,2,-2,-2,03090NBC.jpg
0,2,2,2,-2,-2,03091NBC.jpg
3,-2,1,-2,0,3,03092NBC.jpg
3,-2,2,-2,0,4,03093NBC.jpg
2,2,2,1,1,-2,03094NBC.jpg
2,2,3,1,1,-2,03095NBC.jpg
0,2,1,1,-2,-2,03096NBC.jpg
0,2,2,1,-2,-2,03097NBC.jpg
1,3,1,-2,0,-2,03098NBC.jpg
1,3,1,-2,0,-2,03099NBC.jpg
0,3,0,1,-2,-2,03100NBC.jpg
0,3,0,1,-2,-2,03101NBC.jpg
3,-2,0,-2,0,3,03102NBC.jpg
3,-2,0,-2,0,2,03103NBC.jpg
2,3,0,1,1,-2,03104NBC.jpg
2,3,0,1,1,-2,03105NBC.jpg
0,3,0,0,-2,-2,03106NBC.jpg
0,3,0,1,-2,-2,03107NBC.jpg
1,3,1,-2,0,-2,03108NBC.jpg
1,3,1,-2,0,-2,03109NBC.jpg
0,3,0,1,-2,-2,03110NBC.jpg
0,3,0,1,-2,-2,03111NBC.jpg
3,-2,0,-2,0,3,03112NBC.jpg
3,-2,0,-2,0,2,03113NBC.jpg
2,3,0,1,1,-2,03114NBC.jpg
2,3,0,1,1,-2,03115NBC.jpg
0,4,0,0,-2,-2,03116NBC.jpg
0,3,0,1,-2,-2,03117NBC.jpg
1,3,1,-2,1,-2,03118NBC.jpg
1,2,1,-2,1,-2,03119NBC.jpg
0,3,0,0,-2,-2,03120NBC.jpg
0,3,1,0,-2,-2,03121NBC.jpg
3,-2,0,-2,1,1,03122NBC.jpg
3,-2,0,-2,1,1,03123NBC.jpg
2,2,0,0,1,-2,03124NBC.jpg
2,3,0,0,1,-2,03125NBC.jpg
0,3,1,0,-2,-2,03126NBC.jpg
0,3,1,0,-2,-2,03127NBC.jpg
1,3,1,-2,1,-2,03128NBC.jpg
1,2,1,-2,1,-2,03129NBC.jpg
0,3,0,0,-2,-2,03130NBC.jpg
0,3,1,0,-2,-2,03131NBC.jpg
3,-2,0,-2,1,1,03132NBC.jpg
3,-2,0,-2,1,1,03133NBC.jpg
2,2,0,0,1,-2,03134NBC.jpg
2,3,0,0,1,-2,03135NBC.jpg
0,3,1,0,-2,-2,03136NBC.jpg
0,3,1,0,-2,-2,03137NBC.jpg
1,2,2,-2,1,-2,03138NBC.jpg
1,3,1,-2,1,-2,03139NBC.jpg
0,2,2,2,-2,-2,03140NBC.jpg
0,3,2,2,-2,-2,03141NBC.jpg
3,-2,1,-2,1,0,03142NBC.jpg
3,-2,0,-2,1,1,03143NBC.jpg
2,3,2,2,1,-2,03144NBC.jpg
2,3,2,2,1,-2,03145NBC.jpg
0,2,1,0,-2,-2,03146NBC.jpg
0,3,1,0,-2,-2,03147NBC.jpg
1,2,2,-2,1,-2,03148NBC.jpg
1,3,1,-2,1,-2,03149NBC.jpg
0,2,2,2,-2,-2,03150NBC.jpg
0,3,2,2,-2,-2,03151NBC.jpg
3,-2,1,-2,1,0,03152NBC.jpg
3,-2,0,-2,1,1,03153NBC.jpg
2,3,2,2,1,-2,03154NBC.jpg
2,3,2,2,1,-2,03155NBC.jpg
0,2,1,0,-2,-2,03156NBC.jpg
0,3,1,0,-2,-2,03157NBC.jpg
1,3,1,-2,1,-2,03158NBC.jpg
1,2,1,-2,1,-2,03159NBC.jpg
0,3,0,0,-2,-2,03160NBC.jpg
0,2,0,1,-2,-2,03161NBC.jpg
3,-2,0,-2,0,3,03162NBC.jpg
3,-2,0,-2,0,3,03163NBC.jpg
2,2,0,1,1,-2,03164NBC.jpg
2,3,0,1,2,-2,03165NBC.jpg
0,2,1,2,-2,-2,03166NBC.jpg
0,2,1,2,-2,-2,03167NBC.jpg
1,3,1,-2,0,-2,03168NBC.jpg
1,2,1,-2,1,-2,03169NBC.jpg
0,2,1,2,-2,-2,03170NBC.jpg
0,2,1,2,-2,-2,03171NBC.jpg
3,-2,0,-2,0,3,03172NBC.jpg
3,-2,0,-2,0,3,03173NBC.jpg
2,2,0,1,1,-2,03174NBC.jpg
2,3,0,1,2,-2,03175NBC.jpg
0,3,0,0,-2,-2,03176NBC.jpg
0,2,0,1,-2,-2,03177NBC.jpg
1,3,0,-2,2,-2,03178NBC.jpg
1,2,0,-2,2,-2,03179NBC.jpg
0,2,1,2,-2,-2,03180NBC.jpg
0,2,1,2,-2,-2,03181NBC.jpg
3,-2,0,-2,1,1,03182NBC.jpg
3,-2,0,-2,0,2,03183NBC.jpg
2,2,1,2,2,-2,03184NBC.jpg
2,1,1,2,1,-2,03185NBC.jpg
0,2,1,2,-2,-2,03186NBC.jpg
0,2,1,2,-2,-2,03187NBC.jpg
1,3,0,-2,2,-2,03188NBC.jpg
1,2,0,-2,2,-2,03189NBC.jpg
0,2,1,1,-2,-2,03190NBC.jpg
0,2,1,1,-2,-2,03191NBC.jpg
3,-2,0,-2,1,1,03192NBC.jpg
3,-2,0,-2,0,2,03193NBC.jpg
2,2,1,1,2,-2,03194NBC.jpg
2,1,1,1,1,-2,03195NBC.jpg
0,2,1,1,-2,-2,03196NBC.jpg
0,2,1,1,-2,-2,03197NBC.jpg
1,2,1,-2,2,-2,03198NBC.jpg
1,3,1,-2,2,-2,03199NBC.jpg
0,2,0,1,-2,-2,03200NBC.jpg
0,3,1,1,-2,-2,03201NBC.jpg
3,-2,0,-2,0,1,03202NBC.jpg
3,-2,1,-2,1,1,03203NBC.jpg
2,2,1,1,1,-2,03204NBC.jpg
2,3,1,1,2,-2,03205NBC.jpg
0,3,1,1,-2,-2,03206NBC.jpg
0,2,1,1,-2,-2,03207NBC.jpg
1,2,1,-2,2,-2,03208NBC.jpg
1,3,1,-2,2,-2,03209NBC.jpg
0,2,0,1,-2,-2,03210NBC.jpg
0,3,1,1,-2,-2,03211NBC.jpg
3,-2,0,-2,0,1,03212NBC.jpg
3,-2,0,-2,0,1,03213NBC.jpg
2,2,1,1,1,-2,03214NBC.jpg
2,3,1,1,2,-2,03215NBC.jpg
0,3,1,1,-2,-2,03216NBC.jpg
0,3,1,1,-2,-2,03217NBC.jpg
1,2,2,-2,1,-2,03218NBC.jpg
1,2,2,-2,1,-2,03219NBC.jpg
0,2,1,1,-2,-2,03220NBC.jpg
0,2,2,2,-2,-2,03221NBC.jpg
3,-2,2,-2,0,2,03222NBC.jpg
3,-2,2,-2,0,3,03223NBC.jpg
2,2,0,1,1,-2,03224NBC.jpg
2,3,0,2,1,-2,03225NBC.jpg
0,2,1,0,-2,-2,03226NBC.jpg
0,2,2,0,-2,-2,03227NBC.jpg
1,2,2,-2,1,-2,03228NBC.jpg
1,2,2,-2,1,-2,03229NBC.jpg
0,2,1,1,-2,-2,03230NBC.jpg
0,2,2,1,-2,-2,03231NBC.jpg
3,-2,2,-2,0,2,03232NBC.jpg
3,-2,2,-2,0,3,03233NBC.jpg
2,2,0,1,1,-2,03234NBC.jpg
2,3,0,2,1,-2,03235NBC.jpg
0,2,1,1,-2,-2,03236NBC.jpg
0,2,2,2,-2,-2,03237NBC.jpg
1,3,3,-2,1,-2,03238NBC.jpg
1,2,2,-2,1,-2,03239NBC.jpg
0,2,1,1,-2,-2,03240NBC.jpg
0,3,1,1,-2,-2,03241NBC.jpg
3,-2,1,-2,0,0,03242NBC.jpg
3,-2,1,-2,0,1,03243NBC.jpg
2,2,1,1,1,-2,03244NBC.jpg
2,2,1,1,0,-2,03245NBC.jpg
0,2,2,1,-2,-2,03246NBC.jpg
0,2,1,1,-2,-2,03247NBC.jpg
1,2,3,-2,1,-2,03248NBC.jpg
1,2,2,-2,1,-2,03249NBC.jpg
0,2,1,1,-2,-2,03250NBC.jpg
0,3,1,1,-2,-2,03251NBC.jpg
3,-2,0,-2,0,0,03252NBC.jpg
3,-2,0,-2,0,1,03253NBC.jpg
2,2,1,1,1,-2,03254NBC.jpg
2,3,0,1,0,-2,03255NBC.jpg
0,2,2,1,-2,-2,03256NBC.jpg
0,2,1,1,-2,-2,03257NBC.jpg
1,3,1,-2,1,-2,03258NBC.jpg
1,4,1,-2,2,-2,03259NBC.jpg
0,3,0,1,-2,-2,03260NBC.jpg
0,3,1,1,-2,-2,03261NBC.jpg
3,-2,0,-2,1,1,03262NBC.jpg
3,-2,1,-2,1,2,03263NBC.jpg
2,3,1,1,1,-2,03264NBC.jpg
2,3,2,1,1,-2,03265NBC.jpg
0,3,1,1,-2,-2,03266NBC.jpg
0,4,1,1,-2,-2,03267NBC.jpg
1,3,1,-2,1,-2,03268NBC.jpg
1,4,1,-2,2,-2,03269NBC.jpg
0,2,1,1,-2,-2,03270NBC.jpg
0,3,1,1,-2,-2,03271NBC.jpg
3,-2,0,-2,1,1,03272NBC.jpg
3,-2,1,-2,1,2,03273NBC.jpg
2,3,1,1,1,-2,03274NBC.jpg
2,3,2,1,1,-2,03275NBC.jpg
0,2,0,1,-2,-2,03276NBC.jpg
0,3,1,1,-2,-2,03277NBC.jpg
1,3,1,-2,1,-2,03278NBC.jpg
1,2,2,-2,1,-2,03279NBC.jpg
0,2,1,0,-2,-2,03280NBC.jpg
0,2,1,0,-2,-2,03281NBC.jpg
3,-2,0,-2,1,2,03282NBC.jpg
3,-2,1,-2,0,2,03283NBC.jpg
2,2,1,0,2,-2,03284NBC.jpg
2,2,0,0,2,-2,03285NBC.jpg
0,2,0,1,-2,-2,03286NBC.jpg
0,2,0,1,-2,-2,03287NBC.jpg
1,3,1,-2,1,-2,03288NBC.jpg
1,2,2,-2,1,-2,03289NBC.jpg
0,2,1,0,-2,-2,03290NBC.jpg
0,2,1,0,-2,-2,03291NBC.jpg
3,-2,0,-2,1,2,03292NBC.jpg
3,-2,1,-2,0,2,03293NBC.jpg
2,3,0,0,2,-2,03294NBC.jpg
2,2,0,0,2,-2,03295NBC.jpg
0,3,0,1,-2,-2,03296NBC.jpg
0,3,0,1,-2,-2,03297NBC.jpg
1,2,0,-2,3,-2,03298NBC.jpg
1,2,0,-2,3,-2,03299NBC.jpg
0,2,1,3,-2,-2,03300NBC.jpg
0,2,1,3,-2,-2,03301NBC.jpg
3,-2,1,-2,2,2,03302NBC.jpg
3,-2,1,-2,2,2,03303NBC.jpg
2,2,1,2,3,-2,03304NBC.jpg
2,3,1,3,3,-2,03305NBC.jpg
0,3,1,2,-2,-2,03306NBC.jpg
0,2,1,3,-2,-2,03307NBC.jpg
1,2,0,-2,3,-2,03308NBC.jpg
1,2,0,-2,3,-2,03309NBC.jpg
0,2,1,3,-2,-2,03310NBC.jpg
0,2,1,3,-2,-2,03311NBC.jpg
3,-2,1,-2,2,2,03312NBC.jpg
3,-2,1,-2,2,2,03313NBC.jpg
2,2,1,2,3,-2,03314NBC.jpg
2,2,1,2,3,-2,03315NBC.jpg
0,3,1,2,-2,-2,03316NBC.jpg
0,2,1,2,-2,-2,03317NBC.jpg
1,2,0,-2,1,-2,03318NBC.jpg
1,2,0,-2,1,-2,03319NBC.jpg
0,2,0,1,-2,-2,03320NBC.jpg
0,2,0,1,-2,-2,03321NBC.jpg
3,-2,0,-2,0,2,03322NBC.jpg
3,-2,0,-2,1,3,03323NBC.jpg
2,2,0,0,0,-2,03324NBC.jpg
2,3,0,1,0,-2,03325NBC.jpg
0,3,0,1,-2,-2,03326NBC.jpg
0,2,0,1,-2,-2,03327NBC.jpg
1,2,0,-2,1,-2,03328NBC.jpg
1,2,0,-2,1,-2,03329NBC.jpg
0,2,0,1,-2,-2,03330NBC.jpg
0,2,0,1,-2,-2,03331NBC.jpg
3,-2,0,-2,0,2,03332NBC.jpg
3,-2,0,-2,1,3,03333NBC.jpg
2,2,0,0,0,-2,03334NBC.jpg
2,3,0,0,0,-2,03335NBC.jpg
0,3,0,1,-2,-2,03336NBC.jpg
0,2,0,1,-2,-2,03337NBC.jpg
1,2,0,-2,2,-2,03338NBC.jpg
1,3,0,-2,2,-2,03339NBC.jpg
0,2,1,2,-2,-2,03340NBC.jpg
0,3,2,2,-2,-2,03341NBC.jpg
3,-2,1,-2,2,2,03342NBC.jpg
3,-2,2,-2,2,3,03343NBC.jpg
2,3,1,2,2,-2,03344NBC.jpg
2,3,2,2,2,-2,03345NBC.jpg
0,2,1,2,-2,-2,03346NBC.jpg
0,3,1,2,-2,-2,03347NBC.jpg
1,2,0,-2,2,-2,03348NBC.jpg
1,3,0,-2,2,-2,03349NBC.jpg
0,2,1,2,-2,-2,03350NBC.jpg
0,2,2,2,-2,-2,03351NBC.jpg
3,-2,1,-2,1,2,03352NBC.jpg
3,-2,2,-2,1,3,03353NBC.jpg
2,3,1,1,1,-2,03354NBC.jpg
2,3,2,1,2,-2,03355NBC.jpg
0,2,1,2,-2,-2,03356NBC.jpg
0,3,1,2,-2,-2,03357NBC.jpg
1,2,1,-2,0,-2,03358NBC.jpg
1,2,1,-2,1,-2,03359NBC.jpg
0,1,0,1,-2,-2,03360NBC.jpg
0,2,1,1,-2,-2,03361NBC.jpg
3,-2,1,-2,0,2,03362NBC.jpg
3,-2,1,-2,0,1,03363NBC.jpg
2,1,1,1,1,-2,03364NBC.jpg
2,2,1,1,1,-2,03365NBC.jpg
0,3,1,1,-2,-2,03366NBC.jpg
0,2,1,1,-2,-2,03367NBC.jpg
1,2,1,-2,0,-2,03368NBC.jpg
1,2,1,-2,1,-2,03369NBC.jpg
0,2,0,1,-2,-2,03370NBC.jpg
0,2,1,1,-2,-2,03371NBC.jpg
3,-2,1,-2,0,2,03372NBC.jpg
3,-2,1,-2,0,1,03373NBC.jpg
2,2,1,1,1,-2,03374NBC.jpg
2,2,1,1,1,-2,03375NBC.jpg
0,3,1,1,-2,-2,03376NBC.jpg
0,2,1,1,-2,-2,03377NBC.jpg
1,3,1,-2,1,-2,03378NBC.jpg
1,3,1,-2,1,-2,03379NBC.jpg
0,3,1,0,-2,-2,03380NBC.jpg
0,3,1,0,-2,-2,03381NBC.jpg
3,-2,0,-2,0,1,03382NBC.jpg
3,-2,0,-2,0,2,03383NBC.jpg
2,3,1,1,1,-2,03384NBC.jpg
2,3,1,1,2,-2,03385NBC.jpg
0,3,1,0,-2,-2,03386NBC.jpg
0,3,1,0,-2,-2,03387NBC.jpg
1,3,1,-2,1,-2,03388NBC.jpg
1,3,1,-2,1,-2,03389NBC.jpg
0,3,1,0,-2,-2,03390NBC.jpg
0,3,1,0,-2,-2,03391NBC.jpg
3,-2,0,-2,0,1,03392NBC.jpg
3,-2,0,-2,0,2,03393NBC.jpg
2,3,1,1,1,-2,03394NBC.jpg
2,3,1,1,2,-2,03395NBC.jpg
0,3,1,0,-2,-2,03396NBC.jpg
0,3,1,0,-2,-2,03397NBC.jpg
